"","X","value","nrTrObjectsPerClass","resizeSize","resizeMethod","thresholding","nrFeatures","featSelect","pca","Representation"
"1","svc",0.27758,10,"10","bicubic","false","0","0",0,"Pixels"
"2","qdc",0.9,10,"10","bicubic","false","0","0",0,"Pixels"
"3","parzen",0.22768,10,"10","bicubic","false","0","0",0,"Pixels"
"4","bpxnc",0.42051,10,"10","bicubic","false","0","0",0,"Pixels"
"5","loglc",0.7797,10,"10","bicubic","false","0","0",0,"Pixels"
"6","knnc",0.22889,10,"10","bicubic","false","0","0",0,"Pixels"
"7","treec",NA,10,"10","bicubic","false","0","0",0,"Pixels"
"8","svc",0.24556,10,"10","bicubic","false","0","0",0.95,"Pixels"
"9","qdc",0.79081,10,"10","bicubic","false","0","0",0.95,"Pixels"
"10","parzen",0.25444,10,"10","bicubic","false","0","0",0.95,"Pixels"
"11","bpxnc",0.46566,10,"10","bicubic","false","0","0",0.95,"Pixels"
"12","loglc",0.31768,10,"10","bicubic","false","0","0",0.95,"Pixels"
"13","knnc",0.25323,10,"10","bicubic","false","0","0",0.95,"Pixels"
"14","treec",NA,10,"10","bicubic","false","0","0",0.95,"Pixels"
"15","svc",0.28434,10,"10","bicubic","false","0","0",0.8,"Pixels"
"16","qdc",0.55101,10,"10","bicubic","false","0","0",0.8,"Pixels"
"17","parzen",0.2396,10,"10","bicubic","false","0","0",0.8,"Pixels"
"18","bpxnc",0.3903,10,"10","bicubic","false","0","0",0.8,"Pixels"
"19","loglc",0.31343,10,"10","bicubic","false","0","0",0.8,"Pixels"
"20","knnc",0.24556,10,"10","bicubic","false","0","0",0.8,"Pixels"
"21","treec",NA,10,"10","bicubic","false","0","0",0.8,"Pixels"
"22","svc",0.35788,10,"10","bicubic","true","0","0",0,"Pixels"
"23","qdc",0.9,10,"10","bicubic","true","0","0",0,"Pixels"
"24","parzen",0.31232,10,"10","bicubic","true","0","0",0,"Pixels"
"25","bpxnc",0.54465,10,"10","bicubic","true","0","0",0,"Pixels"
"26","loglc",0.82778,10,"10","bicubic","true","0","0",0,"Pixels"
"27","knnc",0.32283,10,"10","bicubic","true","0","0",0,"Pixels"
"28","treec",NA,10,"10","bicubic","true","0","0",0,"Pixels"
"29","svc",0.30838,10,"10","bicubic","true","0","0",0.95,"Pixels"
"30","qdc",0.88737,10,"10","bicubic","true","0","0",0.95,"Pixels"
"31","parzen",0.35141,10,"10","bicubic","true","0","0",0.95,"Pixels"
"32","bpxnc",0.52586,10,"10","bicubic","true","0","0",0.95,"Pixels"
"33","loglc",0.41879,10,"10","bicubic","true","0","0",0.95,"Pixels"
"34","knnc",0.34051,10,"10","bicubic","true","0","0",0.95,"Pixels"
"35","treec",NA,10,"10","bicubic","true","0","0",0.95,"Pixels"
"36","svc",0.33313,10,"10","bicubic","true","0","0",0.8,"Pixels"
"37","qdc",0.74586,10,"10","bicubic","true","0","0",0.8,"Pixels"
"38","parzen",0.33242,10,"10","bicubic","true","0","0",0.8,"Pixels"
"39","bpxnc",0.57455,10,"10","bicubic","true","0","0",0.8,"Pixels"
"40","loglc",0.35212,10,"10","bicubic","true","0","0",0.8,"Pixels"
"41","knnc",0.32313,10,"10","bicubic","true","0","0",0.8,"Pixels"
"42","treec",NA,10,"10","bicubic","true","0","0",0.8,"Pixels"
"43","svc",0.29606,10,"10","bilinear","false","0","0",0,"Pixels"
"44","qdc",0.9,10,"10","bilinear","false","0","0",0,"Pixels"
"45","parzen",0.24081,10,"10","bilinear","false","0","0",0,"Pixels"
"46","bpxnc",0.47545,10,"10","bilinear","false","0","0",0,"Pixels"
"47","loglc",0.79646,10,"10","bilinear","false","0","0",0,"Pixels"
"48","knnc",0.24051,10,"10","bilinear","false","0","0",0,"Pixels"
"49","treec",NA,10,"10","bilinear","false","0","0",0,"Pixels"
"50","svc",0.2504,10,"10","bilinear","false","0","0",0.95,"Pixels"
"51","qdc",0.74939,10,"10","bilinear","false","0","0",0.95,"Pixels"
"52","parzen",0.27869,10,"10","bilinear","false","0","0",0.95,"Pixels"
"53","bpxnc",0.42404,10,"10","bilinear","false","0","0",0.95,"Pixels"
"54","loglc",0.29667,10,"10","bilinear","false","0","0",0.95,"Pixels"
"55","knnc",0.27404,10,"10","bilinear","false","0","0",0.95,"Pixels"
"56","treec",NA,10,"10","bilinear","false","0","0",0.95,"Pixels"
"57","svc",0.28515,10,"10","bilinear","false","0","0",0.8,"Pixels"
"58","qdc",0.56343,10,"10","bilinear","false","0","0",0.8,"Pixels"
"59","parzen",0.28434,10,"10","bilinear","false","0","0",0.8,"Pixels"
"60","bpxnc",0.30747,10,"10","bilinear","false","0","0",0.8,"Pixels"
"61","loglc",0.36253,10,"10","bilinear","false","0","0",0.8,"Pixels"
"62","knnc",0.27545,10,"10","bilinear","false","0","0",0.8,"Pixels"
"63","treec",NA,10,"10","bilinear","false","0","0",0.8,"Pixels"
"64","svc",0.42646,10,"10","bilinear","true","0","0",0,"Pixels"
"65","qdc",0.9,10,"10","bilinear","true","0","0",0,"Pixels"
"66","parzen",0.32818,10,"10","bilinear","true","0","0",0,"Pixels"
"67","bpxnc",0.55515,10,"10","bilinear","true","0","0",0,"Pixels"
"68","loglc",0.76646,10,"10","bilinear","true","0","0",0,"Pixels"
"69","knnc",0.33646,10,"10","bilinear","true","0","0",0,"Pixels"
"70","treec",NA,10,"10","bilinear","true","0","0",0,"Pixels"
"71","svc",0.34424,10,"10","bilinear","true","0","0",0.95,"Pixels"
"72","qdc",0.8996,10,"10","bilinear","true","0","0",0.95,"Pixels"
"73","parzen",0.38909,10,"10","bilinear","true","0","0",0.95,"Pixels"
"74","bpxnc",0.53515,10,"10","bilinear","true","0","0",0.95,"Pixels"
"75","loglc",0.45848,10,"10","bilinear","true","0","0",0.95,"Pixels"
"76","knnc",0.3802,10,"10","bilinear","true","0","0",0.95,"Pixels"
"77","treec",NA,10,"10","bilinear","true","0","0",0.95,"Pixels"
"78","svc",0.32152,10,"10","bilinear","true","0","0",0.8,"Pixels"
"79","qdc",0.78879,10,"10","bilinear","true","0","0",0.8,"Pixels"
"80","parzen",0.35313,10,"10","bilinear","true","0","0",0.8,"Pixels"
"81","bpxnc",0.54212,10,"10","bilinear","true","0","0",0.8,"Pixels"
"82","loglc",0.36848,10,"10","bilinear","true","0","0",0.8,"Pixels"
"83","knnc",0.35374,10,"10","bilinear","true","0","0",0.8,"Pixels"
"84","treec",NA,10,"10","bilinear","true","0","0",0.8,"Pixels"
"85","svc",0.60586,10,"10","box","false","5","featselp",0,"Pixels"
"86","qdc",0.7696,10,"10","box","false","5","featselp",0,"Pixels"
"87","parzen",0.54818,10,"10","box","false","5","featselp",0,"Pixels"
"88","bpxnc",0.63596,10,"10","box","false","5","featselp",0,"Pixels"
"89","loglc",0.5404,10,"10","box","false","5","featselp",0,"Pixels"
"90","knnc",0.55687,10,"10","box","false","5","featselp",0,"Pixels"
"91","treec",NA,10,"10","box","false","5","featselp",0,"Pixels"
"92","svc",0.57283,10,"10","box","false","5","featselp",0.95,"Pixels"
"93","qdc",0.77566,10,"10","box","false","5","featselp",0.95,"Pixels"
"94","parzen",0.58879,10,"10","box","false","5","featselp",0.95,"Pixels"
"95","bpxnc",0.6496,10,"10","box","false","5","featselp",0.95,"Pixels"
"96","loglc",0.5404,10,"10","box","false","5","featselp",0.95,"Pixels"
"97","knnc",0.55576,10,"10","box","false","5","featselp",0.95,"Pixels"
"98","treec",NA,10,"10","box","false","5","featselp",0.95,"Pixels"
"99","svc",0.57697,10,"10","box","false","5","featselp",0.8,"Pixels"
"100","qdc",0.56737,10,"10","box","false","5","featselp",0.8,"Pixels"
"101","parzen",0.5597,10,"10","box","false","5","featselp",0.8,"Pixels"
"102","bpxnc",0.62414,10,"10","box","false","5","featselp",0.8,"Pixels"
"103","loglc",0.54808,10,"10","box","false","5","featselp",0.8,"Pixels"
"104","knnc",0.55535,10,"10","box","false","5","featselp",0.8,"Pixels"
"105","treec",NA,10,"10","box","false","5","featselp",0.8,"Pixels"
"106","svc",0.33303,10,"10","box","false","20","featselp",0,"Pixels"
"107","qdc",0.72586,10,"10","box","false","20","featselp",0,"Pixels"
"108","parzen",0.31081,10,"10","box","false","20","featselp",0,"Pixels"
"109","bpxnc",0.5696,10,"10","box","false","20","featselp",0,"Pixels"
"110","loglc",0.41596,10,"10","box","false","20","featselp",0,"Pixels"
"111","knnc",0.34657,10,"10","box","false","20","featselp",0,"Pixels"
"112","treec",NA,10,"10","box","false","20","featselp",0,"Pixels"
"113","svc",0.32545,10,"10","box","false","20","featselp",0.95,"Pixels"
"114","qdc",0.70162,10,"10","box","false","20","featselp",0.95,"Pixels"
"115","parzen",0.30071,10,"10","box","false","20","featselp",0.95,"Pixels"
"116","bpxnc",0.47556,10,"10","box","false","20","featselp",0.95,"Pixels"
"117","loglc",0.42455,10,"10","box","false","20","featselp",0.95,"Pixels"
"118","knnc",0.34707,10,"10","box","false","20","featselp",0.95,"Pixels"
"119","treec",NA,10,"10","box","false","20","featselp",0.95,"Pixels"
"120","svc",0.3602,10,"10","box","false","20","featselp",0.8,"Pixels"
"121","qdc",0.58515,10,"10","box","false","20","featselp",0.8,"Pixels"
"122","parzen",0.32071,10,"10","box","false","20","featselp",0.8,"Pixels"
"123","bpxnc",0.48293,10,"10","box","false","20","featselp",0.8,"Pixels"
"124","loglc",0.39657,10,"10","box","false","20","featselp",0.8,"Pixels"
"125","knnc",0.34515,10,"10","box","false","20","featselp",0.8,"Pixels"
"126","treec",NA,10,"10","box","false","20","featselp",0.8,"Pixels"
"127","svc",0.32263,10,"10","box","false","50","featselp",0,"Pixels"
"128","qdc",0.84182,10,"10","box","false","50","featselp",0,"Pixels"
"129","parzen",0.26727,10,"10","box","false","50","featselp",0,"Pixels"
"130","bpxnc",0.46798,10,"10","box","false","50","featselp",0,"Pixels"
"131","loglc",0.45848,10,"10","box","false","50","featselp",0,"Pixels"
"132","knnc",0.27061,10,"10","box","false","50","featselp",0,"Pixels"
"133","treec",NA,10,"10","box","false","50","featselp",0,"Pixels"
"134","svc",0.31788,10,"10","box","false","50","featselp",0.95,"Pixels"
"135","qdc",0.76768,10,"10","box","false","50","featselp",0.95,"Pixels"
"136","parzen",0.26848,10,"10","box","false","50","featselp",0.95,"Pixels"
"137","bpxnc",0.42586,10,"10","box","false","50","featselp",0.95,"Pixels"
"138","loglc",0.39323,10,"10","box","false","50","featselp",0.95,"Pixels"
"139","knnc",0.27677,10,"10","box","false","50","featselp",0.95,"Pixels"
"140","treec",NA,10,"10","box","false","50","featselp",0.95,"Pixels"
"141","svc",0.33313,10,"10","box","false","50","featselp",0.8,"Pixels"
"142","qdc",0.49616,10,"10","box","false","50","featselp",0.8,"Pixels"
"143","parzen",0.26838,10,"10","box","false","50","featselp",0.8,"Pixels"
"144","bpxnc",0.37545,10,"10","box","false","50","featselp",0.8,"Pixels"
"145","loglc",0.40818,10,"10","box","false","50","featselp",0.8,"Pixels"
"146","knnc",0.28859,10,"10","box","false","50","featselp",0.8,"Pixels"
"147","treec",NA,10,"10","box","false","50","featselp",0.8,"Pixels"
"148","svc",0.3196,10,"10","box","false","0","none",0,"Pixels"
"149","qdc",0.9,10,"10","box","false","0","none",0,"Pixels"
"150","parzen",0.25434,10,"10","box","false","0","none",0,"Pixels"
"151","bpxnc",0.43939,10,"10","box","false","0","none",0,"Pixels"
"152","loglc",0.80152,10,"10","box","false","0","none",0,"Pixels"
"153","knnc",0.25667,10,"10","box","false","0","none",0,"Pixels"
"154","treec",NA,10,"10","box","false","0","none",0,"Pixels"
"155","svc",0.79879,10,"10","box","true","5","featselp",0,"Pixels"
"156","qdc",0.9,10,"10","box","true","5","featselp",0,"Pixels"
"157","parzen",0.60909,10,"10","box","true","5","featselp",0,"Pixels"
"158","bpxnc",0.60808,10,"10","box","true","5","featselp",0,"Pixels"
"159","loglc",0.61202,10,"10","box","true","5","featselp",0,"Pixels"
"160","knnc",0.69242,10,"10","box","true","5","featselp",0,"Pixels"
"161","treec",NA,10,"10","box","true","5","featselp",0,"Pixels"
"162","svc",0.69586,10,"10","box","true","5","featselp",0.95,"Pixels"
"163","qdc",0.9,10,"10","box","true","5","featselp",0.95,"Pixels"
"164","parzen",0.62,10,"10","box","true","5","featselp",0.95,"Pixels"
"165","bpxnc",0.65838,10,"10","box","true","5","featselp",0.95,"Pixels"
"166","loglc",0.61202,10,"10","box","true","5","featselp",0.95,"Pixels"
"167","knnc",0.63737,10,"10","box","true","5","featselp",0.95,"Pixels"
"168","treec",NA,10,"10","box","true","5","featselp",0.95,"Pixels"
"169","svc",0.77101,10,"10","box","true","5","featselp",0.8,"Pixels"
"170","qdc",0.9,10,"10","box","true","5","featselp",0.8,"Pixels"
"171","parzen",0.62465,10,"10","box","true","5","featselp",0.8,"Pixels"
"172","bpxnc",0.62141,10,"10","box","true","5","featselp",0.8,"Pixels"
"173","loglc",0.61859,10,"10","box","true","5","featselp",0.8,"Pixels"
"174","knnc",0.68303,10,"10","box","true","5","featselp",0.8,"Pixels"
"175","treec",NA,10,"10","box","true","5","featselp",0.8,"Pixels"
"176","svc",0.41313,10,"10","box","true","20","featselp",0,"Pixels"
"177","qdc",0.9,10,"10","box","true","20","featselp",0,"Pixels"
"178","parzen",0.40202,10,"10","box","true","20","featselp",0,"Pixels"
"179","bpxnc",0.64424,10,"10","box","true","20","featselp",0,"Pixels"
"180","loglc",0.52939,10,"10","box","true","20","featselp",0,"Pixels"
"181","knnc",0.5004,10,"10","box","true","20","featselp",0,"Pixels"
"182","treec",NA,10,"10","box","true","20","featselp",0,"Pixels"
"183","svc",0.44333,10,"10","box","true","20","featselp",0.95,"Pixels"
"184","qdc",0.89899,10,"10","box","true","20","featselp",0.95,"Pixels"
"185","parzen",0.40475,10,"10","box","true","20","featselp",0.95,"Pixels"
"186","bpxnc",0.53051,10,"10","box","true","20","featselp",0.95,"Pixels"
"187","loglc",0.49768,10,"10","box","true","20","featselp",0.95,"Pixels"
"188","knnc",0.44576,10,"10","box","true","20","featselp",0.95,"Pixels"
"189","treec",NA,10,"10","box","true","20","featselp",0.95,"Pixels"
"190","svc",0.41242,10,"10","box","true","20","featselp",0.8,"Pixels"
"191","qdc",0.79242,10,"10","box","true","20","featselp",0.8,"Pixels"
"192","parzen",0.40909,10,"10","box","true","20","featselp",0.8,"Pixels"
"193","bpxnc",0.54707,10,"10","box","true","20","featselp",0.8,"Pixels"
"194","loglc",0.5098,10,"10","box","true","20","featselp",0.8,"Pixels"
"195","knnc",0.43263,10,"10","box","true","20","featselp",0.8,"Pixels"
"196","treec",NA,10,"10","box","true","20","featselp",0.8,"Pixels"
"197","svc",0.38374,10,"10","box","true","50","featselp",0,"Pixels"
"198","qdc",0.86061,10,"10","box","true","50","featselp",0,"Pixels"
"199","parzen",0.32333,10,"10","box","true","50","featselp",0,"Pixels"
"200","bpxnc",0.60283,10,"10","box","true","50","featselp",0,"Pixels"
"201","loglc",0.54636,10,"10","box","true","50","featselp",0,"Pixels"
"202","knnc",0.3402,10,"10","box","true","50","featselp",0,"Pixels"
"203","treec",NA,10,"10","box","true","50","featselp",0,"Pixels"
"204","svc",0.34374,10,"10","box","true","50","featselp",0.95,"Pixels"
"205","qdc",0.85212,10,"10","box","true","50","featselp",0.95,"Pixels"
"206","parzen",0.31768,10,"10","box","true","50","featselp",0.95,"Pixels"
"207","bpxnc",0.6204,10,"10","box","true","50","featselp",0.95,"Pixels"
"208","loglc",0.46,10,"10","box","true","50","featselp",0.95,"Pixels"
"209","knnc",0.32758,10,"10","box","true","50","featselp",0.95,"Pixels"
"210","treec",NA,10,"10","box","true","50","featselp",0.95,"Pixels"
"211","svc",0.36434,10,"10","box","true","50","featselp",0.8,"Pixels"
"212","qdc",0.66889,10,"10","box","true","50","featselp",0.8,"Pixels"
"213","parzen",0.30586,10,"10","box","true","50","featselp",0.8,"Pixels"
"214","bpxnc",0.45889,10,"10","box","true","50","featselp",0.8,"Pixels"
"215","loglc",0.37859,10,"10","box","true","50","featselp",0.8,"Pixels"
"216","knnc",0.36202,10,"10","box","true","50","featselp",0.8,"Pixels"
"217","treec",NA,10,"10","box","true","50","featselp",0.8,"Pixels"
"218","svc",0.36636,10,"10","box","true","0","none",0,"Pixels"
"219","qdc",0.9,10,"10","box","true","0","none",0,"Pixels"
"220","parzen",0.32566,10,"10","box","true","0","none",0,"Pixels"
"221","bpxnc",0.56576,10,"10","box","true","0","none",0,"Pixels"
"222","loglc",0.7696,10,"10","box","true","0","none",0,"Pixels"
"223","knnc",0.33293,10,"10","box","true","0","none",0,"Pixels"
"224","treec",NA,10,"10","box","true","0","none",0,"Pixels"
"225","svc",0.7701,10,"10","nearest","false","5","featselp",0,"Pixels"
"226","qdc",0.8697,10,"10","nearest","false","5","featselp",0,"Pixels"
"227","parzen",0.60798,10,"10","nearest","false","5","featselp",0,"Pixels"
"228","bpxnc",0.64434,10,"10","nearest","false","5","featselp",0,"Pixels"
"229","loglc",0.61848,10,"10","nearest","false","5","featselp",0,"Pixels"
"230","knnc",0.64202,10,"10","nearest","false","5","featselp",0,"Pixels"
"231","treec",NA,10,"10","nearest","false","5","featselp",0,"Pixels"
"232","svc",0.74586,10,"10","nearest","false","5","featselp",0.95,"Pixels"
"233","qdc",0.8697,10,"10","nearest","false","5","featselp",0.95,"Pixels"
"234","parzen",0.60727,10,"10","nearest","false","5","featselp",0.95,"Pixels"
"235","bpxnc",0.59859,10,"10","nearest","false","5","featselp",0.95,"Pixels"
"236","loglc",0.61848,10,"10","nearest","false","5","featselp",0.95,"Pixels"
"237","knnc",0.68071,10,"10","nearest","false","5","featselp",0.95,"Pixels"
"238","treec",NA,10,"10","nearest","false","5","featselp",0.95,"Pixels"
"239","svc",0.70354,10,"10","nearest","false","5","featselp",0.8,"Pixels"
"240","qdc",0.86879,10,"10","nearest","false","5","featselp",0.8,"Pixels"
"241","parzen",0.60788,10,"10","nearest","false","5","featselp",0.8,"Pixels"
"242","bpxnc",0.62394,10,"10","nearest","false","5","featselp",0.8,"Pixels"
"243","loglc",0.64333,10,"10","nearest","false","5","featselp",0.8,"Pixels"
"244","knnc",0.61162,10,"10","nearest","false","5","featselp",0.8,"Pixels"
"245","treec",NA,10,"10","nearest","false","5","featselp",0.8,"Pixels"
"246","svc",0.4297,10,"10","nearest","false","20","featselp",0,"Pixels"
"247","qdc",0.89384,10,"10","nearest","false","20","featselp",0,"Pixels"
"248","parzen",0.40303,10,"10","nearest","false","20","featselp",0,"Pixels"
"249","bpxnc",0.63404,10,"10","nearest","false","20","featselp",0,"Pixels"
"250","loglc",0.53879,10,"10","nearest","false","20","featselp",0,"Pixels"
"251","knnc",0.43162,10,"10","nearest","false","20","featselp",0,"Pixels"
"252","treec",NA,10,"10","nearest","false","20","featselp",0,"Pixels"
"253","svc",0.39566,10,"10","nearest","false","20","featselp",0.95,"Pixels"
"254","qdc",0.8803,10,"10","nearest","false","20","featselp",0.95,"Pixels"
"255","parzen",0.39455,10,"10","nearest","false","20","featselp",0.95,"Pixels"
"256","bpxnc",0.56323,10,"10","nearest","false","20","featselp",0.95,"Pixels"
"257","loglc",0.49131,10,"10","nearest","false","20","featselp",0.95,"Pixels"
"258","knnc",0.41687,10,"10","nearest","false","20","featselp",0.95,"Pixels"
"259","treec",NA,10,"10","nearest","false","20","featselp",0.95,"Pixels"
"260","svc",0.39939,10,"10","nearest","false","20","featselp",0.8,"Pixels"
"261","qdc",0.65869,10,"10","nearest","false","20","featselp",0.8,"Pixels"
"262","parzen",0.3901,10,"10","nearest","false","20","featselp",0.8,"Pixels"
"263","bpxnc",0.56616,10,"10","nearest","false","20","featselp",0.8,"Pixels"
"264","loglc",0.41303,10,"10","nearest","false","20","featselp",0.8,"Pixels"
"265","knnc",0.43202,10,"10","nearest","false","20","featselp",0.8,"Pixels"
"266","treec",NA,10,"10","nearest","false","20","featselp",0.8,"Pixels"
"267","svc",0.41626,10,"10","nearest","false","50","featselp",0,"Pixels"
"268","qdc",0.88606,10,"10","nearest","false","50","featselp",0,"Pixels"
"269","parzen",0.3698,10,"10","nearest","false","50","featselp",0,"Pixels"
"270","bpxnc",0.53111,10,"10","nearest","false","50","featselp",0,"Pixels"
"271","loglc",0.55384,10,"10","nearest","false","50","featselp",0,"Pixels"
"272","knnc",0.39273,10,"10","nearest","false","50","featselp",0,"Pixels"
"273","treec",NA,10,"10","nearest","false","50","featselp",0,"Pixels"
"274","svc",0.37525,10,"10","nearest","false","50","featselp",0.95,"Pixels"
"275","qdc",0.9,10,"10","nearest","false","50","featselp",0.95,"Pixels"
"276","parzen",0.35727,10,"10","nearest","false","50","featselp",0.95,"Pixels"
"277","bpxnc",0.73495,10,"10","nearest","false","50","featselp",0.95,"Pixels"
"278","loglc",0.47131,10,"10","nearest","false","50","featselp",0.95,"Pixels"
"279","knnc",0.38182,10,"10","nearest","false","50","featselp",0.95,"Pixels"
"280","treec",NA,10,"10","nearest","false","50","featselp",0.95,"Pixels"
"281","svc",0.38636,10,"10","nearest","false","50","featselp",0.8,"Pixels"
"282","qdc",0.80586,10,"10","nearest","false","50","featselp",0.8,"Pixels"
"283","parzen",0.33606,10,"10","nearest","false","50","featselp",0.8,"Pixels"
"284","bpxnc",0.49343,10,"10","nearest","false","50","featselp",0.8,"Pixels"
"285","loglc",0.4103,10,"10","nearest","false","50","featselp",0.8,"Pixels"
"286","knnc",0.35606,10,"10","nearest","false","50","featselp",0.8,"Pixels"
"287","treec",NA,10,"10","nearest","false","50","featselp",0.8,"Pixels"
"288","svc",0.37232,10,"10","nearest","false","0","none",0,"Pixels"
"289","qdc",0.9,10,"10","nearest","false","0","none",0,"Pixels"
"290","parzen",0.32889,10,"10","nearest","false","0","none",0,"Pixels"
"291","bpxnc",0.58657,10,"10","nearest","false","0","none",0,"Pixels"
"292","loglc",0.81778,10,"10","nearest","false","0","none",0,"Pixels"
"293","knnc",0.33848,10,"10","nearest","false","0","none",0,"Pixels"
"294","treec",NA,10,"10","nearest","false","0","none",0,"Pixels"
"295","svc",0.7701,10,"10","nearest","true","5","featselp",0,"Pixels"
"296","qdc",0.8697,10,"10","nearest","true","5","featselp",0,"Pixels"
"297","parzen",0.60798,10,"10","nearest","true","5","featselp",0,"Pixels"
"298","bpxnc",0.6097,10,"10","nearest","true","5","featselp",0,"Pixels"
"299","loglc",0.61848,10,"10","nearest","true","5","featselp",0,"Pixels"
"300","knnc",0.64202,10,"10","nearest","true","5","featselp",0,"Pixels"
"301","treec",NA,10,"10","nearest","true","5","featselp",0,"Pixels"
"302","svc",0.74586,10,"10","nearest","true","5","featselp",0.95,"Pixels"
"303","qdc",0.8697,10,"10","nearest","true","5","featselp",0.95,"Pixels"
"304","parzen",0.60727,10,"10","nearest","true","5","featselp",0.95,"Pixels"
"305","bpxnc",0.5999,10,"10","nearest","true","5","featselp",0.95,"Pixels"
"306","loglc",0.61848,10,"10","nearest","true","5","featselp",0.95,"Pixels"
"307","knnc",0.68071,10,"10","nearest","true","5","featselp",0.95,"Pixels"
"308","treec",NA,10,"10","nearest","true","5","featselp",0.95,"Pixels"
"309","svc",0.70354,10,"10","nearest","true","5","featselp",0.8,"Pixels"
"310","qdc",0.86879,10,"10","nearest","true","5","featselp",0.8,"Pixels"
"311","parzen",0.60788,10,"10","nearest","true","5","featselp",0.8,"Pixels"
"312","bpxnc",0.62394,10,"10","nearest","true","5","featselp",0.8,"Pixels"
"313","loglc",0.64333,10,"10","nearest","true","5","featselp",0.8,"Pixels"
"314","knnc",0.61162,10,"10","nearest","true","5","featselp",0.8,"Pixels"
"315","treec",NA,10,"10","nearest","true","5","featselp",0.8,"Pixels"
"316","svc",0.4297,10,"10","nearest","true","20","featselp",0,"Pixels"
"317","qdc",0.89384,10,"10","nearest","true","20","featselp",0,"Pixels"
"318","parzen",0.40303,10,"10","nearest","true","20","featselp",0,"Pixels"
"319","bpxnc",0.63404,10,"10","nearest","true","20","featselp",0,"Pixels"
"320","loglc",0.53879,10,"10","nearest","true","20","featselp",0,"Pixels"
"321","knnc",0.43162,10,"10","nearest","true","20","featselp",0,"Pixels"
"322","treec",NA,10,"10","nearest","true","20","featselp",0,"Pixels"
"323","svc",0.39566,10,"10","nearest","true","20","featselp",0.95,"Pixels"
"324","qdc",0.8803,10,"10","nearest","true","20","featselp",0.95,"Pixels"
"325","parzen",0.39455,10,"10","nearest","true","20","featselp",0.95,"Pixels"
"326","bpxnc",0.57303,10,"10","nearest","true","20","featselp",0.95,"Pixels"
"327","loglc",0.49131,10,"10","nearest","true","20","featselp",0.95,"Pixels"
"328","knnc",0.41687,10,"10","nearest","true","20","featselp",0.95,"Pixels"
"329","treec",NA,10,"10","nearest","true","20","featselp",0.95,"Pixels"
"330","svc",0.39939,10,"10","nearest","true","20","featselp",0.8,"Pixels"
"331","qdc",0.65869,10,"10","nearest","true","20","featselp",0.8,"Pixels"
"332","parzen",0.3901,10,"10","nearest","true","20","featselp",0.8,"Pixels"
"333","bpxnc",0.54212,10,"10","nearest","true","20","featselp",0.8,"Pixels"
"334","loglc",0.41303,10,"10","nearest","true","20","featselp",0.8,"Pixels"
"335","knnc",0.43202,10,"10","nearest","true","20","featselp",0.8,"Pixels"
"336","treec",NA,10,"10","nearest","true","20","featselp",0.8,"Pixels"
"337","svc",0.41626,10,"10","nearest","true","50","featselp",0,"Pixels"
"338","qdc",0.88606,10,"10","nearest","true","50","featselp",0,"Pixels"
"339","parzen",0.3698,10,"10","nearest","true","50","featselp",0,"Pixels"
"340","bpxnc",0.53111,10,"10","nearest","true","50","featselp",0,"Pixels"
"341","loglc",0.55384,10,"10","nearest","true","50","featselp",0,"Pixels"
"342","knnc",0.39273,10,"10","nearest","true","50","featselp",0,"Pixels"
"343","treec",NA,10,"10","nearest","true","50","featselp",0,"Pixels"
"344","svc",0.37525,10,"10","nearest","true","50","featselp",0.95,"Pixels"
"345","qdc",0.9,10,"10","nearest","true","50","featselp",0.95,"Pixels"
"346","parzen",0.35727,10,"10","nearest","true","50","featselp",0.95,"Pixels"
"347","bpxnc",0.73071,10,"10","nearest","true","50","featselp",0.95,"Pixels"
"348","loglc",0.47131,10,"10","nearest","true","50","featselp",0.95,"Pixels"
"349","knnc",0.38182,10,"10","nearest","true","50","featselp",0.95,"Pixels"
"350","treec",NA,10,"10","nearest","true","50","featselp",0.95,"Pixels"
"351","svc",0.38636,10,"10","nearest","true","50","featselp",0.8,"Pixels"
"352","qdc",0.80586,10,"10","nearest","true","50","featselp",0.8,"Pixels"
"353","parzen",0.33606,10,"10","nearest","true","50","featselp",0.8,"Pixels"
"354","bpxnc",0.48717,10,"10","nearest","true","50","featselp",0.8,"Pixels"
"355","loglc",0.4103,10,"10","nearest","true","50","featselp",0.8,"Pixels"
"356","knnc",0.35606,10,"10","nearest","true","50","featselp",0.8,"Pixels"
"357","treec",NA,10,"10","nearest","true","50","featselp",0.8,"Pixels"
"358","svc",0.37232,10,"10","nearest","true","0","none",0,"Pixels"
"359","qdc",0.9,10,"10","nearest","true","0","none",0,"Pixels"
"360","parzen",0.32889,10,"10","nearest","true","0","none",0,"Pixels"
"361","bpxnc",0.58657,10,"10","nearest","true","0","none",0,"Pixels"
"362","loglc",0.81778,10,"10","nearest","true","0","none",0,"Pixels"
"363","knnc",0.33848,10,"10","nearest","true","0","none",0,"Pixels"
"364","treec",NA,10,"10","nearest","true","0","none",0,"Pixels"
"365","svc",0.3399,10,"16","bicubic","false","0","0",0,"Pixels"
"366","qdc",0.9,10,"16","bicubic","false","0","0",0,"Pixels"
"367","parzen",0.2696,10,"16","bicubic","false","0","0",0,"Pixels"
"368","bpxnc",0.49263,10,"16","bicubic","false","0","0",0,"Pixels"
"369","loglc",0.45596,10,"16","bicubic","false","0","0",0,"Pixels"
"370","knnc",0.2698,10,"16","bicubic","false","0","0",0,"Pixels"
"371","treec",NA,10,"16","bicubic","false","0","0",0,"Pixels"
"372","svc",0.27697,10,"16","bicubic","false","0","0",0.95,"Pixels"
"373","qdc",0.82636,10,"16","bicubic","false","0","0",0.95,"Pixels"
"374","parzen",0.30202,10,"16","bicubic","false","0","0",0.95,"Pixels"
"375","bpxnc",0.54707,10,"16","bicubic","false","0","0",0.95,"Pixels"
"376","loglc",0.36838,10,"16","bicubic","false","0","0",0.95,"Pixels"
"377","knnc",0.29818,10,"16","bicubic","false","0","0",0.95,"Pixels"
"378","treec",NA,10,"16","bicubic","false","0","0",0.95,"Pixels"
"379","svc",0.32929,10,"16","bicubic","false","0","0",0.8,"Pixels"
"380","qdc",0.66394,10,"16","bicubic","false","0","0",0.8,"Pixels"
"381","parzen",0.28808,10,"16","bicubic","false","0","0",0.8,"Pixels"
"382","bpxnc",0.36394,10,"16","bicubic","false","0","0",0.8,"Pixels"
"383","loglc",0.34222,10,"16","bicubic","false","0","0",0.8,"Pixels"
"384","knnc",0.29343,10,"16","bicubic","false","0","0",0.8,"Pixels"
"385","treec",NA,10,"16","bicubic","false","0","0",0.8,"Pixels"
"386","svc",0.37768,10,"16","bicubic","true","0","0",0,"Pixels"
"387","qdc",0.9,10,"16","bicubic","true","0","0",0,"Pixels"
"388","parzen",0.31879,10,"16","bicubic","true","0","0",0,"Pixels"
"389","bpxnc",0.56384,10,"16","bicubic","true","0","0",0,"Pixels"
"390","loglc",0.39202,10,"16","bicubic","true","0","0",0,"Pixels"
"391","knnc",0.31949,10,"16","bicubic","true","0","0",0,"Pixels"
"392","treec",NA,10,"16","bicubic","true","0","0",0,"Pixels"
"393","svc",0.27283,10,"16","bicubic","true","0","0",0.95,"Pixels"
"394","qdc",0.9,10,"16","bicubic","true","0","0",0.95,"Pixels"
"395","parzen",0.35848,10,"16","bicubic","true","0","0",0.95,"Pixels"
"396","bpxnc",0.62485,10,"16","bicubic","true","0","0",0.95,"Pixels"
"397","loglc",0.36202,10,"16","bicubic","true","0","0",0.95,"Pixels"
"398","knnc",0.35111,10,"16","bicubic","true","0","0",0.95,"Pixels"
"399","treec",NA,10,"16","bicubic","true","0","0",0.95,"Pixels"
"400","svc",0.28646,10,"16","bicubic","true","0","0",0.8,"Pixels"
"401","qdc",0.80879,10,"16","bicubic","true","0","0",0.8,"Pixels"
"402","parzen",0.33182,10,"16","bicubic","true","0","0",0.8,"Pixels"
"403","bpxnc",0.46596,10,"16","bicubic","true","0","0",0.8,"Pixels"
"404","loglc",0.32414,10,"16","bicubic","true","0","0",0.8,"Pixels"
"405","knnc",0.33232,10,"16","bicubic","true","0","0",0.8,"Pixels"
"406","treec",NA,10,"16","bicubic","true","0","0",0.8,"Pixels"
"407","svc",0.27717,10,"16","bilinear","false","0","0",0,"Pixels"
"408","qdc",0.9,10,"16","bilinear","false","0","0",0,"Pixels"
"409","parzen",0.27232,10,"16","bilinear","false","0","0",0,"Pixels"
"410","bpxnc",0.49586,10,"16","bilinear","false","0","0",0,"Pixels"
"411","loglc",0.44303,10,"16","bilinear","false","0","0",0,"Pixels"
"412","knnc",0.27263,10,"16","bilinear","false","0","0",0,"Pixels"
"413","treec",NA,10,"16","bilinear","false","0","0",0,"Pixels"
"414","svc",0.23081,10,"16","bilinear","false","0","0",0.95,"Pixels"
"415","qdc",0.84838,10,"16","bilinear","false","0","0",0.95,"Pixels"
"416","parzen",0.28384,10,"16","bilinear","false","0","0",0.95,"Pixels"
"417","bpxnc",0.48394,10,"16","bilinear","false","0","0",0.95,"Pixels"
"418","loglc",0.32313,10,"16","bilinear","false","0","0",0.95,"Pixels"
"419","knnc",0.29778,10,"16","bilinear","false","0","0",0.95,"Pixels"
"420","treec",NA,10,"16","bilinear","false","0","0",0.95,"Pixels"
"421","svc",0.26929,10,"16","bilinear","false","0","0",0.8,"Pixels"
"422","qdc",0.72475,10,"16","bilinear","false","0","0",0.8,"Pixels"
"423","parzen",0.2798,10,"16","bilinear","false","0","0",0.8,"Pixels"
"424","bpxnc",0.38889,10,"16","bilinear","false","0","0",0.8,"Pixels"
"425","loglc",0.29455,10,"16","bilinear","false","0","0",0.8,"Pixels"
"426","knnc",0.30343,10,"16","bilinear","false","0","0",0.8,"Pixels"
"427","treec",NA,10,"16","bilinear","false","0","0",0.8,"Pixels"
"428","svc",0.35535,10,"16","bilinear","true","0","0",0,"Pixels"
"429","qdc",0.9,10,"16","bilinear","true","0","0",0,"Pixels"
"430","parzen",0.27677,10,"16","bilinear","true","0","0",0,"Pixels"
"431","bpxnc",0.45505,10,"16","bilinear","true","0","0",0,"Pixels"
"432","loglc",0.3998,10,"16","bilinear","true","0","0",0,"Pixels"
"433","knnc",0.28253,10,"16","bilinear","true","0","0",0,"Pixels"
"434","treec",NA,10,"16","bilinear","true","0","0",0,"Pixels"
"435","svc",0.28364,10,"16","bilinear","true","0","0",0.95,"Pixels"
"436","qdc",0.9,10,"16","bilinear","true","0","0",0.95,"Pixels"
"437","parzen",0.31657,10,"16","bilinear","true","0","0",0.95,"Pixels"
"438","bpxnc",0.59828,10,"16","bilinear","true","0","0",0.95,"Pixels"
"439","loglc",0.35384,10,"16","bilinear","true","0","0",0.95,"Pixels"
"440","knnc",0.3104,10,"16","bilinear","true","0","0",0.95,"Pixels"
"441","treec",NA,10,"16","bilinear","true","0","0",0.95,"Pixels"
"442","svc",0.29838,10,"16","bilinear","true","0","0",0.8,"Pixels"
"443","qdc",0.77525,10,"16","bilinear","true","0","0",0.8,"Pixels"
"444","parzen",0.2902,10,"16","bilinear","true","0","0",0.8,"Pixels"
"445","bpxnc",0.45727,10,"16","bilinear","true","0","0",0.8,"Pixels"
"446","loglc",0.33566,10,"16","bilinear","true","0","0",0.8,"Pixels"
"447","knnc",0.29313,10,"16","bilinear","true","0","0",0.8,"Pixels"
"448","treec",NA,10,"16","bilinear","true","0","0",0.8,"Pixels"
"449","svc",0.76646,10,"16","box","false","5","featselp",0,"Pixels"
"450","qdc",0.89717,10,"16","box","false","5","featselp",0,"Pixels"
"451","parzen",0.55939,10,"16","box","false","5","featselp",0,"Pixels"
"452","bpxnc",0.61545,10,"16","box","false","5","featselp",0,"Pixels"
"453","loglc",0.53394,10,"16","box","false","5","featselp",0,"Pixels"
"454","knnc",0.60081,10,"16","box","false","5","featselp",0,"Pixels"
"455","treec",NA,10,"16","box","false","5","featselp",0,"Pixels"
"456","svc",0.69859,10,"16","box","false","5","featselp",0.95,"Pixels"
"457","qdc",0.89717,10,"16","box","false","5","featselp",0.95,"Pixels"
"458","parzen",0.55788,10,"16","box","false","5","featselp",0.95,"Pixels"
"459","bpxnc",0.60636,10,"16","box","false","5","featselp",0.95,"Pixels"
"460","loglc",0.53394,10,"16","box","false","5","featselp",0.95,"Pixels"
"461","knnc",0.60091,10,"16","box","false","5","featselp",0.95,"Pixels"
"462","treec",NA,10,"16","box","false","5","featselp",0.95,"Pixels"
"463","svc",0.71081,10,"16","box","false","5","featselp",0.8,"Pixels"
"464","qdc",0.89707,10,"16","box","false","5","featselp",0.8,"Pixels"
"465","parzen",0.56838,10,"16","box","false","5","featselp",0.8,"Pixels"
"466","bpxnc",0.59818,10,"16","box","false","5","featselp",0.8,"Pixels"
"467","loglc",0.53747,10,"16","box","false","5","featselp",0.8,"Pixels"
"468","knnc",0.59636,10,"16","box","false","5","featselp",0.8,"Pixels"
"469","treec",NA,10,"16","box","false","5","featselp",0.8,"Pixels"
"470","svc",0.38101,10,"16","box","false","20","featselp",0,"Pixels"
"471","qdc",0.63263,10,"16","box","false","20","featselp",0,"Pixels"
"472","parzen",0.30293,10,"16","box","false","20","featselp",0,"Pixels"
"473","bpxnc",0.39071,10,"16","box","false","20","featselp",0,"Pixels"
"474","loglc",0.36919,10,"16","box","false","20","featselp",0,"Pixels"
"475","knnc",0.31485,10,"16","box","false","20","featselp",0,"Pixels"
"476","treec",NA,10,"16","box","false","20","featselp",0,"Pixels"
"477","svc",0.31364,10,"16","box","false","20","featselp",0.95,"Pixels"
"478","qdc",0.61354,10,"16","box","false","20","featselp",0.95,"Pixels"
"479","parzen",0.30465,10,"16","box","false","20","featselp",0.95,"Pixels"
"480","bpxnc",0.53576,10,"16","box","false","20","featselp",0.95,"Pixels"
"481","loglc",0.41424,10,"16","box","false","20","featselp",0.95,"Pixels"
"482","knnc",0.32596,10,"16","box","false","20","featselp",0.95,"Pixels"
"483","treec",NA,10,"16","box","false","20","featselp",0.95,"Pixels"
"484","svc",0.37616,10,"16","box","false","20","featselp",0.8,"Pixels"
"485","qdc",0.51232,10,"16","box","false","20","featselp",0.8,"Pixels"
"486","parzen",0.31889,10,"16","box","false","20","featselp",0.8,"Pixels"
"487","bpxnc",0.38505,10,"16","box","false","20","featselp",0.8,"Pixels"
"488","loglc",0.39323,10,"16","box","false","20","featselp",0.8,"Pixels"
"489","knnc",0.33768,10,"16","box","false","20","featselp",0.8,"Pixels"
"490","treec",NA,10,"16","box","false","20","featselp",0.8,"Pixels"
"491","svc",0.37909,10,"16","box","false","50","featselp",0,"Pixels"
"492","qdc",0.87556,10,"16","box","false","50","featselp",0,"Pixels"
"493","parzen",0.2897,10,"16","box","false","50","featselp",0,"Pixels"
"494","bpxnc",0.45596,10,"16","box","false","50","featselp",0,"Pixels"
"495","loglc",0.48394,10,"16","box","false","50","featselp",0,"Pixels"
"496","knnc",0.29455,10,"16","box","false","50","featselp",0,"Pixels"
"497","treec",NA,10,"16","box","false","50","featselp",0,"Pixels"
"498","svc",0.29667,10,"16","box","false","50","featselp",0.95,"Pixels"
"499","qdc",0.83545,10,"16","box","false","50","featselp",0.95,"Pixels"
"500","parzen",0.29,10,"16","box","false","50","featselp",0.95,"Pixels"
"501","bpxnc",0.53949,10,"16","box","false","50","featselp",0.95,"Pixels"
"502","loglc",0.38475,10,"16","box","false","50","featselp",0.95,"Pixels"
"503","knnc",0.30788,10,"16","box","false","50","featselp",0.95,"Pixels"
"504","treec",NA,10,"16","box","false","50","featselp",0.95,"Pixels"
"505","svc",0.31556,10,"16","box","false","50","featselp",0.8,"Pixels"
"506","qdc",0.67747,10,"16","box","false","50","featselp",0.8,"Pixels"
"507","parzen",0.28242,10,"16","box","false","50","featselp",0.8,"Pixels"
"508","bpxnc",0.37545,10,"16","box","false","50","featselp",0.8,"Pixels"
"509","loglc",0.45525,10,"16","box","false","50","featselp",0.8,"Pixels"
"510","knnc",0.30192,10,"16","box","false","50","featselp",0.8,"Pixels"
"511","treec",NA,10,"16","box","false","50","featselp",0.8,"Pixels"
"512","svc",0.30283,10,"16","box","false","0","none",0,"Pixels"
"513","qdc",0.9,10,"16","box","false","0","none",0,"Pixels"
"514","parzen",0.24859,10,"16","box","false","0","none",0,"Pixels"
"515","bpxnc",0.53081,10,"16","box","false","0","none",0,"Pixels"
"516","loglc",0.39788,10,"16","box","false","0","none",0,"Pixels"
"517","knnc",0.24949,10,"16","box","false","0","none",0,"Pixels"
"518","treec",NA,10,"16","box","false","0","none",0,"Pixels"
"519","svc",0.71616,10,"16","box","true","5","featselp",0,"Pixels"
"520","qdc",0.9,10,"16","box","true","5","featselp",0,"Pixels"
"521","parzen",0.58687,10,"16","box","true","5","featselp",0,"Pixels"
"522","bpxnc",0.59455,10,"16","box","true","5","featselp",0,"Pixels"
"523","loglc",0.59354,10,"16","box","true","5","featselp",0,"Pixels"
"524","knnc",0.61586,10,"16","box","true","5","featselp",0,"Pixels"
"525","treec",NA,10,"16","box","true","5","featselp",0,"Pixels"
"526","svc",0.72253,10,"16","box","true","5","featselp",0.95,"Pixels"
"527","qdc",0.9,10,"16","box","true","5","featselp",0.95,"Pixels"
"528","parzen",0.58667,10,"16","box","true","5","featselp",0.95,"Pixels"
"529","bpxnc",0.59354,10,"16","box","true","5","featselp",0.95,"Pixels"
"530","loglc",0.59354,10,"16","box","true","5","featselp",0.95,"Pixels"
"531","knnc",0.6202,10,"16","box","true","5","featselp",0.95,"Pixels"
"532","treec",NA,10,"16","box","true","5","featselp",0.95,"Pixels"
"533","svc",0.76859,10,"16","box","true","5","featselp",0.8,"Pixels"
"534","qdc",0.9,10,"16","box","true","5","featselp",0.8,"Pixels"
"535","parzen",0.5901,10,"16","box","true","5","featselp",0.8,"Pixels"
"536","bpxnc",0.64444,10,"16","box","true","5","featselp",0.8,"Pixels"
"537","loglc",0.5997,10,"16","box","true","5","featselp",0.8,"Pixels"
"538","knnc",0.68515,10,"16","box","true","5","featselp",0.8,"Pixels"
"539","treec",NA,10,"16","box","true","5","featselp",0.8,"Pixels"
"540","svc",0.41202,10,"16","box","true","20","featselp",0,"Pixels"
"541","qdc",0.8204,10,"16","box","true","20","featselp",0,"Pixels"
"542","parzen",0.36071,10,"16","box","true","20","featselp",0,"Pixels"
"543","bpxnc",0.4699,10,"16","box","true","20","featselp",0,"Pixels"
"544","loglc",0.49192,10,"16","box","true","20","featselp",0,"Pixels"
"545","knnc",0.40273,10,"16","box","true","20","featselp",0,"Pixels"
"546","treec",NA,10,"16","box","true","20","featselp",0,"Pixels"
"547","svc",0.40828,10,"16","box","true","20","featselp",0.95,"Pixels"
"548","qdc",0.78263,10,"16","box","true","20","featselp",0.95,"Pixels"
"549","parzen",0.35212,10,"16","box","true","20","featselp",0.95,"Pixels"
"550","bpxnc",0.47333,10,"16","box","true","20","featselp",0.95,"Pixels"
"551","loglc",0.46182,10,"16","box","true","20","featselp",0.95,"Pixels"
"552","knnc",0.38162,10,"16","box","true","20","featselp",0.95,"Pixels"
"553","treec",NA,10,"16","box","true","20","featselp",0.95,"Pixels"
"554","svc",0.40071,10,"16","box","true","20","featselp",0.8,"Pixels"
"555","qdc",0.68586,10,"16","box","true","20","featselp",0.8,"Pixels"
"556","parzen",0.36323,10,"16","box","true","20","featselp",0.8,"Pixels"
"557","bpxnc",0.49495,10,"16","box","true","20","featselp",0.8,"Pixels"
"558","loglc",0.49202,10,"16","box","true","20","featselp",0.8,"Pixels"
"559","knnc",0.39101,10,"16","box","true","20","featselp",0.8,"Pixels"
"560","treec",NA,10,"16","box","true","20","featselp",0.8,"Pixels"
"561","svc",0.43434,10,"16","box","true","50","featselp",0,"Pixels"
"562","qdc",0.82414,10,"16","box","true","50","featselp",0,"Pixels"
"563","parzen",0.35162,10,"16","box","true","50","featselp",0,"Pixels"
"564","bpxnc",0.55798,10,"16","box","true","50","featselp",0,"Pixels"
"565","loglc",0.56566,10,"16","box","true","50","featselp",0,"Pixels"
"566","knnc",0.36707,10,"16","box","true","50","featselp",0,"Pixels"
"567","treec",NA,10,"16","box","true","50","featselp",0,"Pixels"
"568","svc",0.37333,10,"16","box","true","50","featselp",0.95,"Pixels"
"569","qdc",0.77939,10,"16","box","true","50","featselp",0.95,"Pixels"
"570","parzen",0.35283,10,"16","box","true","50","featselp",0.95,"Pixels"
"571","bpxnc",0.57364,10,"16","box","true","50","featselp",0.95,"Pixels"
"572","loglc",0.46465,10,"16","box","true","50","featselp",0.95,"Pixels"
"573","knnc",0.36051,10,"16","box","true","50","featselp",0.95,"Pixels"
"574","treec",NA,10,"16","box","true","50","featselp",0.95,"Pixels"
"575","svc",0.36838,10,"16","box","true","50","featselp",0.8,"Pixels"
"576","qdc",0.67697,10,"16","box","true","50","featselp",0.8,"Pixels"
"577","parzen",0.33919,10,"16","box","true","50","featselp",0.8,"Pixels"
"578","bpxnc",0.46758,10,"16","box","true","50","featselp",0.8,"Pixels"
"579","loglc",0.39525,10,"16","box","true","50","featselp",0.8,"Pixels"
"580","knnc",0.36101,10,"16","box","true","50","featselp",0.8,"Pixels"
"581","treec",NA,10,"16","box","true","50","featselp",0.8,"Pixels"
"582","svc",0.40444,10,"16","box","true","0","none",0,"Pixels"
"583","qdc",0.9,10,"16","box","true","0","none",0,"Pixels"
"584","parzen",0.32141,10,"16","box","true","0","none",0,"Pixels"
"585","bpxnc",0.51152,10,"16","box","true","0","none",0,"Pixels"
"586","loglc",0.41818,10,"16","box","true","0","none",0,"Pixels"
"587","knnc",0.32626,10,"16","box","true","0","none",0,"Pixels"
"588","treec",NA,10,"16","box","true","0","none",0,"Pixels"
"589","svc",0.74152,10,"16","nearest","false","5","featselp",0,"Pixels"
"590","qdc",0.9,10,"16","nearest","false","5","featselp",0,"Pixels"
"591","parzen",0.61485,10,"16","nearest","false","5","featselp",0,"Pixels"
"592","bpxnc",0.60768,10,"16","nearest","false","5","featselp",0,"Pixels"
"593","loglc",0.61404,10,"16","nearest","false","5","featselp",0,"Pixels"
"594","knnc",0.73242,10,"16","nearest","false","5","featselp",0,"Pixels"
"595","treec",NA,10,"16","nearest","false","5","featselp",0,"Pixels"
"596","svc",0.70232,10,"16","nearest","false","5","featselp",0.95,"Pixels"
"597","qdc",0.9,10,"16","nearest","false","5","featselp",0.95,"Pixels"
"598","parzen",0.61172,10,"16","nearest","false","5","featselp",0.95,"Pixels"
"599","bpxnc",0.64172,10,"16","nearest","false","5","featselp",0.95,"Pixels"
"600","loglc",0.61404,10,"16","nearest","false","5","featselp",0.95,"Pixels"
"601","knnc",0.6503,10,"16","nearest","false","5","featselp",0.95,"Pixels"
"602","treec",NA,10,"16","nearest","false","5","featselp",0.95,"Pixels"
"603","svc",0.65374,10,"16","nearest","false","5","featselp",0.8,"Pixels"
"604","qdc",0.9,10,"16","nearest","false","5","featselp",0.8,"Pixels"
"605","parzen",0.61455,10,"16","nearest","false","5","featselp",0.8,"Pixels"
"606","bpxnc",0.6399,10,"16","nearest","false","5","featselp",0.8,"Pixels"
"607","loglc",0.61364,10,"16","nearest","false","5","featselp",0.8,"Pixels"
"608","knnc",0.65152,10,"16","nearest","false","5","featselp",0.8,"Pixels"
"609","treec",NA,10,"16","nearest","false","5","featselp",0.8,"Pixels"
"610","svc",0.45646,10,"16","nearest","false","20","featselp",0,"Pixels"
"611","qdc",0.75172,10,"16","nearest","false","20","featselp",0,"Pixels"
"612","parzen",0.38596,10,"16","nearest","false","20","featselp",0,"Pixels"
"613","bpxnc",0.59222,10,"16","nearest","false","20","featselp",0,"Pixels"
"614","loglc",0.50556,10,"16","nearest","false","20","featselp",0,"Pixels"
"615","knnc",0.41939,10,"16","nearest","false","20","featselp",0,"Pixels"
"616","treec",NA,10,"16","nearest","false","20","featselp",0,"Pixels"
"617","svc",0.35566,10,"16","nearest","false","20","featselp",0.95,"Pixels"
"618","qdc",0.6997,10,"16","nearest","false","20","featselp",0.95,"Pixels"
"619","parzen",0.36495,10,"16","nearest","false","20","featselp",0.95,"Pixels"
"620","bpxnc",0.52283,10,"16","nearest","false","20","featselp",0.95,"Pixels"
"621","loglc",0.56525,10,"16","nearest","false","20","featselp",0.95,"Pixels"
"622","knnc",0.40576,10,"16","nearest","false","20","featselp",0.95,"Pixels"
"623","treec",NA,10,"16","nearest","false","20","featselp",0.95,"Pixels"
"624","svc",0.38273,10,"16","nearest","false","20","featselp",0.8,"Pixels"
"625","qdc",0.6004,10,"16","nearest","false","20","featselp",0.8,"Pixels"
"626","parzen",0.3697,10,"16","nearest","false","20","featselp",0.8,"Pixels"
"627","bpxnc",0.50949,10,"16","nearest","false","20","featselp",0.8,"Pixels"
"628","loglc",0.43061,10,"16","nearest","false","20","featselp",0.8,"Pixels"
"629","knnc",0.41495,10,"16","nearest","false","20","featselp",0.8,"Pixels"
"630","treec",NA,10,"16","nearest","false","20","featselp",0.8,"Pixels"
"631","svc",0.38141,10,"16","nearest","false","50","featselp",0,"Pixels"
"632","qdc",0.80303,10,"16","nearest","false","50","featselp",0,"Pixels"
"633","parzen",0.33313,10,"16","nearest","false","50","featselp",0,"Pixels"
"634","bpxnc",0.59182,10,"16","nearest","false","50","featselp",0,"Pixels"
"635","loglc",0.51798,10,"16","nearest","false","50","featselp",0,"Pixels"
"636","knnc",0.39768,10,"16","nearest","false","50","featselp",0,"Pixels"
"637","treec",NA,10,"16","nearest","false","50","featselp",0,"Pixels"
"638","svc",0.35434,10,"16","nearest","false","50","featselp",0.95,"Pixels"
"639","qdc",0.85556,10,"16","nearest","false","50","featselp",0.95,"Pixels"
"640","parzen",0.35586,10,"16","nearest","false","50","featselp",0.95,"Pixels"
"641","bpxnc",0.52303,10,"16","nearest","false","50","featselp",0.95,"Pixels"
"642","loglc",0.44636,10,"16","nearest","false","50","featselp",0.95,"Pixels"
"643","knnc",0.39828,10,"16","nearest","false","50","featselp",0.95,"Pixels"
"644","treec",NA,10,"16","nearest","false","50","featselp",0.95,"Pixels"
"645","svc",0.40525,10,"16","nearest","false","50","featselp",0.8,"Pixels"
"646","qdc",0.69828,10,"16","nearest","false","50","featselp",0.8,"Pixels"
"647","parzen",0.34707,10,"16","nearest","false","50","featselp",0.8,"Pixels"
"648","bpxnc",0.42778,10,"16","nearest","false","50","featselp",0.8,"Pixels"
"649","loglc",0.45465,10,"16","nearest","false","50","featselp",0.8,"Pixels"
"650","knnc",0.34616,10,"16","nearest","false","50","featselp",0.8,"Pixels"
"651","treec",NA,10,"16","nearest","false","50","featselp",0.8,"Pixels"
"652","svc",0.40051,10,"16","nearest","false","0","none",0,"Pixels"
"653","qdc",0.9,10,"16","nearest","false","0","none",0,"Pixels"
"654","parzen",0.31697,10,"16","nearest","false","0","none",0,"Pixels"
"655","bpxnc",0.54505,10,"16","nearest","false","0","none",0,"Pixels"
"656","loglc",0.41859,10,"16","nearest","false","0","none",0,"Pixels"
"657","knnc",0.31909,10,"16","nearest","false","0","none",0,"Pixels"
"658","treec",NA,10,"16","nearest","false","0","none",0,"Pixels"
"659","svc",0.6903,10,"16","nearest","true","5","featselp",0,"Pixels"
"660","qdc",0.9,10,"16","nearest","true","5","featselp",0,"Pixels"
"661","parzen",0.60606,10,"16","nearest","true","5","featselp",0,"Pixels"
"662","bpxnc",0.6102,10,"16","nearest","true","5","featselp",0,"Pixels"
"663","loglc",0.58465,10,"16","nearest","true","5","featselp",0,"Pixels"
"664","knnc",0.63394,10,"16","nearest","true","5","featselp",0,"Pixels"
"665","treec",NA,10,"16","nearest","true","5","featselp",0,"Pixels"
"666","svc",0.71333,10,"16","nearest","true","5","featselp",0.95,"Pixels"
"667","qdc",0.9,10,"16","nearest","true","5","featselp",0.95,"Pixels"
"668","parzen",0.61101,10,"16","nearest","true","5","featselp",0.95,"Pixels"
"669","bpxnc",0.62293,10,"16","nearest","true","5","featselp",0.95,"Pixels"
"670","loglc",0.58465,10,"16","nearest","true","5","featselp",0.95,"Pixels"
"671","knnc",0.6202,10,"16","nearest","true","5","featselp",0.95,"Pixels"
"672","treec",NA,10,"16","nearest","true","5","featselp",0.95,"Pixels"
"673","svc",0.72061,10,"16","nearest","true","5","featselp",0.8,"Pixels"
"674","qdc",0.9,10,"16","nearest","true","5","featselp",0.8,"Pixels"
"675","parzen",0.61657,10,"16","nearest","true","5","featselp",0.8,"Pixels"
"676","bpxnc",0.61879,10,"16","nearest","true","5","featselp",0.8,"Pixels"
"677","loglc",0.58545,10,"16","nearest","true","5","featselp",0.8,"Pixels"
"678","knnc",0.69333,10,"16","nearest","true","5","featselp",0.8,"Pixels"
"679","treec",NA,10,"16","nearest","true","5","featselp",0.8,"Pixels"
"680","svc",0.49626,10,"16","nearest","true","20","featselp",0,"Pixels"
"681","qdc",0.86414,10,"16","nearest","true","20","featselp",0,"Pixels"
"682","parzen",0.39162,10,"16","nearest","true","20","featselp",0,"Pixels"
"683","bpxnc",0.5497,10,"16","nearest","true","20","featselp",0,"Pixels"
"684","loglc",0.52192,10,"16","nearest","true","20","featselp",0,"Pixels"
"685","knnc",0.4497,10,"16","nearest","true","20","featselp",0,"Pixels"
"686","treec",NA,10,"16","nearest","true","20","featselp",0,"Pixels"
"687","svc",0.40566,10,"16","nearest","true","20","featselp",0.95,"Pixels"
"688","qdc",0.82141,10,"16","nearest","true","20","featselp",0.95,"Pixels"
"689","parzen",0.37444,10,"16","nearest","true","20","featselp",0.95,"Pixels"
"690","bpxnc",0.57859,10,"16","nearest","true","20","featselp",0.95,"Pixels"
"691","loglc",0.4796,10,"16","nearest","true","20","featselp",0.95,"Pixels"
"692","knnc",0.41141,10,"16","nearest","true","20","featselp",0.95,"Pixels"
"693","treec",NA,10,"16","nearest","true","20","featselp",0.95,"Pixels"
"694","svc",0.43,10,"16","nearest","true","20","featselp",0.8,"Pixels"
"695","qdc",0.61677,10,"16","nearest","true","20","featselp",0.8,"Pixels"
"696","parzen",0.38152,10,"16","nearest","true","20","featselp",0.8,"Pixels"
"697","bpxnc",0.48333,10,"16","nearest","true","20","featselp",0.8,"Pixels"
"698","loglc",0.47657,10,"16","nearest","true","20","featselp",0.8,"Pixels"
"699","knnc",0.41626,10,"16","nearest","true","20","featselp",0.8,"Pixels"
"700","treec",NA,10,"16","nearest","true","20","featselp",0.8,"Pixels"
"701","svc",0.40222,10,"16","nearest","true","50","featselp",0,"Pixels"
"702","qdc",0.85,10,"16","nearest","true","50","featselp",0,"Pixels"
"703","parzen",0.36929,10,"16","nearest","true","50","featselp",0,"Pixels"
"704","bpxnc",0.52869,10,"16","nearest","true","50","featselp",0,"Pixels"
"705","loglc",0.5399,10,"16","nearest","true","50","featselp",0,"Pixels"
"706","knnc",0.38303,10,"16","nearest","true","50","featselp",0,"Pixels"
"707","treec",NA,10,"16","nearest","true","50","featselp",0,"Pixels"
"708","svc",0.36697,10,"16","nearest","true","50","featselp",0.95,"Pixels"
"709","qdc",0.80838,10,"16","nearest","true","50","featselp",0.95,"Pixels"
"710","parzen",0.38859,10,"16","nearest","true","50","featselp",0.95,"Pixels"
"711","bpxnc",0.52919,10,"16","nearest","true","50","featselp",0.95,"Pixels"
"712","loglc",0.44101,10,"16","nearest","true","50","featselp",0.95,"Pixels"
"713","knnc",0.39253,10,"16","nearest","true","50","featselp",0.95,"Pixels"
"714","treec",NA,10,"16","nearest","true","50","featselp",0.95,"Pixels"
"715","svc",0.38333,10,"16","nearest","true","50","featselp",0.8,"Pixels"
"716","qdc",0.71545,10,"16","nearest","true","50","featselp",0.8,"Pixels"
"717","parzen",0.37162,10,"16","nearest","true","50","featselp",0.8,"Pixels"
"718","bpxnc",0.5104,10,"16","nearest","true","50","featselp",0.8,"Pixels"
"719","loglc",0.44394,10,"16","nearest","true","50","featselp",0.8,"Pixels"
"720","knnc",0.3803,10,"16","nearest","true","50","featselp",0.8,"Pixels"
"721","treec",NA,10,"16","nearest","true","50","featselp",0.8,"Pixels"
"722","svc",0.36475,10,"16","nearest","true","0","none",0,"Pixels"
"723","qdc",0.9,10,"16","nearest","true","0","none",0,"Pixels"
"724","parzen",0.30889,10,"16","nearest","true","0","none",0,"Pixels"
"725","bpxnc",0.60677,10,"16","nearest","true","0","none",0,"Pixels"
"726","loglc",0.39586,10,"16","nearest","true","0","none",0,"Pixels"
"727","knnc",0.31404,10,"16","nearest","true","0","none",0,"Pixels"
"728","treec",NA,10,"16","nearest","true","0","none",0,"Pixels"
"729","svc",0.12887,200,"10","bicubic","false","0","0",0,"Pixels"
"730","qdc",0.27713,200,"10","bicubic","false","0","0",0,"Pixels"
"731","parzen",0.049625,200,"10","bicubic","false","0","0",0,"Pixels"
"732","bpxnc",0.104,200,"10","bicubic","false","0","0",0,"Pixels"
"733","loglc",0.15113,200,"10","bicubic","false","0","0",0,"Pixels"
"734","knnc",0.0505,200,"10","bicubic","false","0","0",0,"Pixels"
"735","treec",NA,200,"10","bicubic","false","0","0",0,"Pixels"
"736","svc",0.09575,200,"10","bicubic","false","0","0",0.95,"Pixels"
"737","qdc",0.068875,200,"10","bicubic","false","0","0",0.95,"Pixels"
"738","parzen",0.060625,200,"10","bicubic","false","0","0",0.95,"Pixels"
"739","bpxnc",0.25225,200,"10","bicubic","false","0","0",0.95,"Pixels"
"740","loglc",0.17488,200,"10","bicubic","false","0","0",0.95,"Pixels"
"741","knnc",0.0645,200,"10","bicubic","false","0","0",0.95,"Pixels"
"742","treec",NA,200,"10","bicubic","false","0","0",0.95,"Pixels"
"743","svc",0.10463,200,"10","bicubic","false","0","0",0.8,"Pixels"
"744","qdc",0.061125,200,"10","bicubic","false","0","0",0.8,"Pixels"
"745","parzen",0.06275,200,"10","bicubic","false","0","0",0.8,"Pixels"
"746","bpxnc",0.14475,200,"10","bicubic","false","0","0",0.8,"Pixels"
"747","loglc",0.10362,200,"10","bicubic","false","0","0",0.8,"Pixels"
"748","knnc",0.067,200,"10","bicubic","false","0","0",0.8,"Pixels"
"749","treec",NA,200,"10","bicubic","false","0","0",0.8,"Pixels"
"750","svc",0.18225,200,"10","bicubic","true","0","0",0,"Pixels"
"751","qdc",0.60125,200,"10","bicubic","true","0","0",0,"Pixels"
"752","parzen",0.10725,200,"10","bicubic","true","0","0",0,"Pixels"
"753","bpxnc",0.17975,200,"10","bicubic","true","0","0",0,"Pixels"
"754","loglc",0.52563,200,"10","bicubic","true","0","0",0,"Pixels"
"755","knnc",0.119,200,"10","bicubic","true","0","0",0,"Pixels"
"756","treec",NA,200,"10","bicubic","true","0","0",0,"Pixels"
"757","svc",0.13588,200,"10","bicubic","true","0","0",0.95,"Pixels"
"758","qdc",0.14738,200,"10","bicubic","true","0","0",0.95,"Pixels"
"759","parzen",0.12562,200,"10","bicubic","true","0","0",0.95,"Pixels"
"760","bpxnc",0.26813,200,"10","bicubic","true","0","0",0.95,"Pixels"
"761","loglc",0.53163,200,"10","bicubic","true","0","0",0.95,"Pixels"
"762","knnc",0.12537,200,"10","bicubic","true","0","0",0.95,"Pixels"
"763","treec",NA,200,"10","bicubic","true","0","0",0.95,"Pixels"
"764","svc",0.129,200,"10","bicubic","true","0","0",0.8,"Pixels"
"765","qdc",0.10538,200,"10","bicubic","true","0","0",0.8,"Pixels"
"766","parzen",0.10638,200,"10","bicubic","true","0","0",0.8,"Pixels"
"767","bpxnc",0.201,200,"10","bicubic","true","0","0",0.8,"Pixels"
"768","loglc",0.12925,200,"10","bicubic","true","0","0",0.8,"Pixels"
"769","knnc",0.11025,200,"10","bicubic","true","0","0",0.8,"Pixels"
"770","treec",NA,200,"10","bicubic","true","0","0",0.8,"Pixels"
"771","svc",0.12537,200,"10","bilinear","false","0","0",0,"Pixels"
"772","qdc",0.34813,200,"10","bilinear","false","0","0",0,"Pixels"
"773","parzen",0.047375,200,"10","bilinear","false","0","0",0,"Pixels"
"774","bpxnc",0.20525,200,"10","bilinear","false","0","0",0,"Pixels"
"775","loglc",0.61338,200,"10","bilinear","false","0","0",0,"Pixels"
"776","knnc",0.050875,200,"10","bilinear","false","0","0",0,"Pixels"
"777","treec",NA,200,"10","bilinear","false","0","0",0,"Pixels"
"778","svc",0.08875,200,"10","bilinear","false","0","0",0.95,"Pixels"
"779","qdc",0.061875,200,"10","bilinear","false","0","0",0.95,"Pixels"
"780","parzen",0.05725,200,"10","bilinear","false","0","0",0.95,"Pixels"
"781","bpxnc",0.311,200,"10","bilinear","false","0","0",0.95,"Pixels"
"782","loglc",0.094625,200,"10","bilinear","false","0","0",0.95,"Pixels"
"783","knnc",0.058625,200,"10","bilinear","false","0","0",0.95,"Pixels"
"784","treec",NA,200,"10","bilinear","false","0","0",0.95,"Pixels"
"785","svc",0.11288,200,"10","bilinear","false","0","0",0.8,"Pixels"
"786","qdc",0.061,200,"10","bilinear","false","0","0",0.8,"Pixels"
"787","parzen",0.06225,200,"10","bilinear","false","0","0",0.8,"Pixels"
"788","bpxnc",0.11438,200,"10","bilinear","false","0","0",0.8,"Pixels"
"789","loglc",0.10825,200,"10","bilinear","false","0","0",0.8,"Pixels"
"790","knnc",0.065875,200,"10","bilinear","false","0","0",0.8,"Pixels"
"791","treec",NA,200,"10","bilinear","false","0","0",0.8,"Pixels"
"792","svc",0.175,200,"10","bilinear","true","0","0",0,"Pixels"
"793","qdc",0.70875,200,"10","bilinear","true","0","0",0,"Pixels"
"794","parzen",0.11663,200,"10","bilinear","true","0","0",0,"Pixels"
"795","bpxnc",0.18787,200,"10","bilinear","true","0","0",0,"Pixels"
"796","loglc",0.63013,200,"10","bilinear","true","0","0",0,"Pixels"
"797","knnc",0.128,200,"10","bilinear","true","0","0",0,"Pixels"
"798","treec",NA,200,"10","bilinear","true","0","0",0,"Pixels"
"799","svc",0.13412,200,"10","bilinear","true","0","0",0.95,"Pixels"
"800","qdc",0.16187,200,"10","bilinear","true","0","0",0.95,"Pixels"
"801","parzen",0.1385,200,"10","bilinear","true","0","0",0.95,"Pixels"
"802","bpxnc",0.22275,200,"10","bilinear","true","0","0",0.95,"Pixels"
"803","loglc",0.70137,200,"10","bilinear","true","0","0",0.95,"Pixels"
"804","knnc",0.14113,200,"10","bilinear","true","0","0",0.95,"Pixels"
"805","treec",NA,200,"10","bilinear","true","0","0",0.95,"Pixels"
"806","svc",0.12987,200,"10","bilinear","true","0","0",0.8,"Pixels"
"807","qdc",0.11163,200,"10","bilinear","true","0","0",0.8,"Pixels"
"808","parzen",0.11975,200,"10","bilinear","true","0","0",0.8,"Pixels"
"809","bpxnc",0.37638,200,"10","bilinear","true","0","0",0.8,"Pixels"
"810","loglc",0.12875,200,"10","bilinear","true","0","0",0.8,"Pixels"
"811","knnc",0.11762,200,"10","bilinear","true","0","0",0.8,"Pixels"
"812","treec",NA,200,"10","bilinear","true","0","0",0.8,"Pixels"
"813","svc",0.66463,200,"10","box","false","5","featselp",0,"Pixels"
"814","qdc",0.46137,200,"10","box","false","5","featselp",0,"Pixels"
"815","parzen",0.45575,200,"10","box","false","5","featselp",0,"Pixels"
"816","bpxnc",0.45,200,"10","box","false","5","featselp",0,"Pixels"
"817","loglc",0.45987,200,"10","box","false","5","featselp",0,"Pixels"
"818","knnc",0.46025,200,"10","box","false","5","featselp",0,"Pixels"
"819","treec",NA,200,"10","box","false","5","featselp",0,"Pixels"
"820","svc",0.49938,200,"10","box","false","5","featselp",0.95,"Pixels"
"821","qdc",0.46137,200,"10","box","false","5","featselp",0.95,"Pixels"
"822","parzen",0.45537,200,"10","box","false","5","featselp",0.95,"Pixels"
"823","bpxnc",0.44262,200,"10","box","false","5","featselp",0.95,"Pixels"
"824","loglc",0.45987,200,"10","box","false","5","featselp",0.95,"Pixels"
"825","knnc",0.45975,200,"10","box","false","5","featselp",0.95,"Pixels"
"826","treec",NA,200,"10","box","false","5","featselp",0.95,"Pixels"
"827","svc",0.56012,200,"10","box","false","5","featselp",0.8,"Pixels"
"828","qdc",0.4625,200,"10","box","false","5","featselp",0.8,"Pixels"
"829","parzen",0.45775,200,"10","box","false","5","featselp",0.8,"Pixels"
"830","bpxnc",0.47113,200,"10","box","false","5","featselp",0.8,"Pixels"
"831","loglc",0.46737,200,"10","box","false","5","featselp",0.8,"Pixels"
"832","knnc",0.45513,200,"10","box","false","5","featselp",0.8,"Pixels"
"833","treec",NA,200,"10","box","false","5","featselp",0.8,"Pixels"
"834","svc",0.20112,200,"10","box","false","20","featselp",0,"Pixels"
"835","qdc",0.166,200,"10","box","false","20","featselp",0,"Pixels"
"836","parzen",0.14313,200,"10","box","false","20","featselp",0,"Pixels"
"837","bpxnc",0.266,200,"10","box","false","20","featselp",0,"Pixels"
"838","loglc",0.16075,200,"10","box","false","20","featselp",0,"Pixels"
"839","knnc",0.14575,200,"10","box","false","20","featselp",0,"Pixels"
"840","treec",NA,200,"10","box","false","20","featselp",0,"Pixels"
"841","svc",0.17338,200,"10","box","false","20","featselp",0.95,"Pixels"
"842","qdc",0.13512,200,"10","box","false","20","featselp",0.95,"Pixels"
"843","parzen",0.1475,200,"10","box","false","20","featselp",0.95,"Pixels"
"844","bpxnc",0.20438,200,"10","box","false","20","featselp",0.95,"Pixels"
"845","loglc",0.165,200,"10","box","false","20","featselp",0.95,"Pixels"
"846","knnc",0.15063,200,"10","box","false","20","featselp",0.95,"Pixels"
"847","treec",NA,200,"10","box","false","20","featselp",0.95,"Pixels"
"848","svc",0.22212,200,"10","box","false","20","featselp",0.8,"Pixels"
"849","qdc",0.15275,200,"10","box","false","20","featselp",0.8,"Pixels"
"850","parzen",0.15875,200,"10","box","false","20","featselp",0.8,"Pixels"
"851","bpxnc",0.83888,200,"10","box","false","20","featselp",0.8,"Pixels"
"852","loglc",0.20037,200,"10","box","false","20","featselp",0.8,"Pixels"
"853","knnc",0.16425,200,"10","box","false","20","featselp",0.8,"Pixels"
"854","treec",NA,200,"10","box","false","20","featselp",0.8,"Pixels"
"855","svc",0.1555,200,"10","box","false","50","featselp",0,"Pixels"
"856","qdc",0.069375,200,"10","box","false","50","featselp",0,"Pixels"
"857","parzen",0.07075,200,"10","box","false","50","featselp",0,"Pixels"
"858","bpxnc",0.21225,200,"10","box","false","50","featselp",0,"Pixels"
"859","loglc",0.10362,200,"10","box","false","50","featselp",0,"Pixels"
"860","knnc",0.077375,200,"10","box","false","50","featselp",0,"Pixels"
"861","treec",NA,200,"10","box","false","50","featselp",0,"Pixels"
"862","svc",0.1045,200,"10","box","false","50","featselp",0.95,"Pixels"
"863","qdc",0.065125,200,"10","box","false","50","featselp",0.95,"Pixels"
"864","parzen",0.073875,200,"10","box","false","50","featselp",0.95,"Pixels"
"865","bpxnc",0.17625,200,"10","box","false","50","featselp",0.95,"Pixels"
"866","loglc",0.10362,200,"10","box","false","50","featselp",0.95,"Pixels"
"867","knnc",0.07725,200,"10","box","false","50","featselp",0.95,"Pixels"
"868","treec",NA,200,"10","box","false","50","featselp",0.95,"Pixels"
"869","svc",0.12687,200,"10","box","false","50","featselp",0.8,"Pixels"
"870","qdc",0.0685,200,"10","box","false","50","featselp",0.8,"Pixels"
"871","parzen",0.074625,200,"10","box","false","50","featselp",0.8,"Pixels"
"872","bpxnc",0.1495,200,"10","box","false","50","featselp",0.8,"Pixels"
"873","loglc",0.11937,200,"10","box","false","50","featselp",0.8,"Pixels"
"874","knnc",0.080625,200,"10","box","false","50","featselp",0.8,"Pixels"
"875","treec",NA,200,"10","box","false","50","featselp",0.8,"Pixels"
"876","svc",0.13725,200,"10","box","false","0","none",0,"Pixels"
"877","qdc",0.31825,200,"10","box","false","0","none",0,"Pixels"
"878","parzen",0.0575,200,"10","box","false","0","none",0,"Pixels"
"879","bpxnc",0.28437,200,"10","box","false","0","none",0,"Pixels"
"880","loglc",0.48263,200,"10","box","false","0","none",0,"Pixels"
"881","knnc",0.068875,200,"10","box","false","0","none",0,"Pixels"
"882","treec",NA,200,"10","box","false","0","none",0,"Pixels"
"883","svc",0.74013,200,"10","box","true","5","featselp",0,"Pixels"
"884","qdc",0.74475,200,"10","box","true","5","featselp",0,"Pixels"
"885","parzen",0.54737,200,"10","box","true","5","featselp",0,"Pixels"
"886","bpxnc",0.55763,200,"10","box","true","5","featselp",0,"Pixels"
"887","loglc",0.56337,200,"10","box","true","5","featselp",0,"Pixels"
"888","knnc",0.615,200,"10","box","true","5","featselp",0,"Pixels"
"889","treec",NA,200,"10","box","true","5","featselp",0,"Pixels"
"890","svc",0.73762,200,"10","box","true","5","featselp",0.95,"Pixels"
"891","qdc",0.74475,200,"10","box","true","5","featselp",0.95,"Pixels"
"892","parzen",0.54737,200,"10","box","true","5","featselp",0.95,"Pixels"
"893","bpxnc",0.547,200,"10","box","true","5","featselp",0.95,"Pixels"
"894","loglc",0.56337,200,"10","box","true","5","featselp",0.95,"Pixels"
"895","knnc",0.59375,200,"10","box","true","5","featselp",0.95,"Pixels"
"896","treec",NA,200,"10","box","true","5","featselp",0.95,"Pixels"
"897","svc",0.66375,200,"10","box","true","5","featselp",0.8,"Pixels"
"898","qdc",0.615,200,"10","box","true","5","featselp",0.8,"Pixels"
"899","parzen",0.55188,200,"10","box","true","5","featselp",0.8,"Pixels"
"900","bpxnc",0.572,200,"10","box","true","5","featselp",0.8,"Pixels"
"901","loglc",0.59713,200,"10","box","true","5","featselp",0.8,"Pixels"
"902","knnc",0.598,200,"10","box","true","5","featselp",0.8,"Pixels"
"903","treec",NA,200,"10","box","true","5","featselp",0.8,"Pixels"
"904","svc",0.2705,200,"10","box","true","20","featselp",0,"Pixels"
"905","qdc",0.70388,200,"10","box","true","20","featselp",0,"Pixels"
"906","parzen",0.24,200,"10","box","true","20","featselp",0,"Pixels"
"907","bpxnc",0.30112,200,"10","box","true","20","featselp",0,"Pixels"
"908","loglc",0.23725,200,"10","box","true","20","featselp",0,"Pixels"
"909","knnc",0.2915,200,"10","box","true","20","featselp",0,"Pixels"
"910","treec",NA,200,"10","box","true","20","featselp",0,"Pixels"
"911","svc",0.24925,200,"10","box","true","20","featselp",0.95,"Pixels"
"912","qdc",0.40763,200,"10","box","true","20","featselp",0.95,"Pixels"
"913","parzen",0.2475,200,"10","box","true","20","featselp",0.95,"Pixels"
"914","bpxnc",0.38525,200,"10","box","true","20","featselp",0.95,"Pixels"
"915","loglc",0.2455,200,"10","box","true","20","featselp",0.95,"Pixels"
"916","knnc",0.24675,200,"10","box","true","20","featselp",0.95,"Pixels"
"917","treec",NA,200,"10","box","true","20","featselp",0.95,"Pixels"
"918","svc",0.30862,200,"10","box","true","20","featselp",0.8,"Pixels"
"919","qdc",0.22837,200,"10","box","true","20","featselp",0.8,"Pixels"
"920","parzen",0.248,200,"10","box","true","20","featselp",0.8,"Pixels"
"921","bpxnc",0.333,200,"10","box","true","20","featselp",0.8,"Pixels"
"922","loglc",0.26438,200,"10","box","true","20","featselp",0.8,"Pixels"
"923","knnc",0.2535,200,"10","box","true","20","featselp",0.8,"Pixels"
"924","treec",NA,200,"10","box","true","20","featselp",0.8,"Pixels"
"925","svc",0.20313,200,"10","box","true","50","featselp",0,"Pixels"
"926","qdc",0.38512,200,"10","box","true","50","featselp",0,"Pixels"
"927","parzen",0.12912,200,"10","box","true","50","featselp",0,"Pixels"
"928","bpxnc",0.17425,200,"10","box","true","50","featselp",0,"Pixels"
"929","loglc",0.139,200,"10","box","true","50","featselp",0,"Pixels"
"930","knnc",0.15025,200,"10","box","true","50","featselp",0,"Pixels"
"931","treec",NA,200,"10","box","true","50","featselp",0,"Pixels"
"932","svc",0.137,200,"10","box","true","50","featselp",0.95,"Pixels"
"933","qdc",0.101,200,"10","box","true","50","featselp",0.95,"Pixels"
"934","parzen",0.12675,200,"10","box","true","50","featselp",0.95,"Pixels"
"935","bpxnc",0.24988,200,"10","box","true","50","featselp",0.95,"Pixels"
"936","loglc",0.13912,200,"10","box","true","50","featselp",0.95,"Pixels"
"937","knnc",0.13862,200,"10","box","true","50","featselp",0.95,"Pixels"
"938","treec",NA,200,"10","box","true","50","featselp",0.95,"Pixels"
"939","svc",0.15138,200,"10","box","true","50","featselp",0.8,"Pixels"
"940","qdc",0.099625,200,"10","box","true","50","featselp",0.8,"Pixels"
"941","parzen",0.119,200,"10","box","true","50","featselp",0.8,"Pixels"
"942","bpxnc",0.25912,200,"10","box","true","50","featselp",0.8,"Pixels"
"943","loglc",0.152,200,"10","box","true","50","featselp",0.8,"Pixels"
"944","knnc",0.12837,200,"10","box","true","50","featselp",0.8,"Pixels"
"945","treec",NA,200,"10","box","true","50","featselp",0.8,"Pixels"
"946","svc",0.17525,200,"10","box","true","0","none",0,"Pixels"
"947","qdc",0.69875,200,"10","box","true","0","none",0,"Pixels"
"948","parzen",0.1115,200,"10","box","true","0","none",0,"Pixels"
"949","bpxnc",0.17675,200,"10","box","true","0","none",0,"Pixels"
"950","loglc",0.55925,200,"10","box","true","0","none",0,"Pixels"
"951","knnc",0.12375,200,"10","box","true","0","none",0,"Pixels"
"952","treec",NA,200,"10","box","true","0","none",0,"Pixels"
"953","svc",0.771,200,"10","nearest","false","5","featselp",0,"Pixels"
"954","qdc",0.9,200,"10","nearest","false","5","featselp",0,"Pixels"
"955","parzen",0.54212,200,"10","nearest","false","5","featselp",0,"Pixels"
"956","bpxnc",0.65963,200,"10","nearest","false","5","featselp",0,"Pixels"
"957","loglc",0.54463,200,"10","nearest","false","5","featselp",0,"Pixels"
"958","knnc",0.61438,200,"10","nearest","false","5","featselp",0,"Pixels"
"959","treec",NA,200,"10","nearest","false","5","featselp",0,"Pixels"
"960","svc",0.77912,200,"10","nearest","false","5","featselp",0.95,"Pixels"
"961","qdc",0.61275,200,"10","nearest","false","5","featselp",0.95,"Pixels"
"962","parzen",0.54238,200,"10","nearest","false","5","featselp",0.95,"Pixels"
"963","bpxnc",0.54963,200,"10","nearest","false","5","featselp",0.95,"Pixels"
"964","loglc",0.54463,200,"10","nearest","false","5","featselp",0.95,"Pixels"
"965","knnc",0.574,200,"10","nearest","false","5","featselp",0.95,"Pixels"
"966","treec",NA,200,"10","nearest","false","5","featselp",0.95,"Pixels"
"967","svc",0.662,200,"10","nearest","false","5","featselp",0.8,"Pixels"
"968","qdc",0.615,200,"10","nearest","false","5","featselp",0.8,"Pixels"
"969","parzen",0.54225,200,"10","nearest","false","5","featselp",0.8,"Pixels"
"970","bpxnc",0.62587,200,"10","nearest","false","5","featselp",0.8,"Pixels"
"971","loglc",0.56937,200,"10","nearest","false","5","featselp",0.8,"Pixels"
"972","knnc",0.57625,200,"10","nearest","false","5","featselp",0.8,"Pixels"
"973","treec",NA,200,"10","nearest","false","5","featselp",0.8,"Pixels"
"974","svc",0.29875,200,"10","nearest","false","20","featselp",0,"Pixels"
"975","qdc",0.67312,200,"10","nearest","false","20","featselp",0,"Pixels"
"976","parzen",0.24675,200,"10","nearest","false","20","featselp",0,"Pixels"
"977","bpxnc",0.28813,200,"10","nearest","false","20","featselp",0,"Pixels"
"978","loglc",0.24438,200,"10","nearest","false","20","featselp",0,"Pixels"
"979","knnc",0.29838,200,"10","nearest","false","20","featselp",0,"Pixels"
"980","treec",NA,200,"10","nearest","false","20","featselp",0,"Pixels"
"981","svc",0.25088,200,"10","nearest","false","20","featselp",0.95,"Pixels"
"982","qdc",0.32788,200,"10","nearest","false","20","featselp",0.95,"Pixels"
"983","parzen",0.246,200,"10","nearest","false","20","featselp",0.95,"Pixels"
"984","bpxnc",0.27925,200,"10","nearest","false","20","featselp",0.95,"Pixels"
"985","loglc",0.247,200,"10","nearest","false","20","featselp",0.95,"Pixels"
"986","knnc",0.25538,200,"10","nearest","false","20","featselp",0.95,"Pixels"
"987","treec",NA,200,"10","nearest","false","20","featselp",0.95,"Pixels"
"988","svc",0.273,200,"10","nearest","false","20","featselp",0.8,"Pixels"
"989","qdc",0.226,200,"10","nearest","false","20","featselp",0.8,"Pixels"
"990","parzen",0.25025,200,"10","nearest","false","20","featselp",0.8,"Pixels"
"991","bpxnc",0.296,200,"10","nearest","false","20","featselp",0.8,"Pixels"
"992","loglc",0.26975,200,"10","nearest","false","20","featselp",0.8,"Pixels"
"993","knnc",0.2575,200,"10","nearest","false","20","featselp",0.8,"Pixels"
"994","treec",NA,200,"10","nearest","false","20","featselp",0.8,"Pixels"
"995","svc",0.21525,200,"10","nearest","false","50","featselp",0,"Pixels"
"996","qdc",0.51262,200,"10","nearest","false","50","featselp",0,"Pixels"
"997","parzen",0.14213,200,"10","nearest","false","50","featselp",0,"Pixels"
"998","bpxnc",0.18925,200,"10","nearest","false","50","featselp",0,"Pixels"
"999","loglc",0.15538,200,"10","nearest","false","50","featselp",0,"Pixels"
"1000","knnc",0.1645,200,"10","nearest","false","50","featselp",0,"Pixels"
"1001","treec",NA,200,"10","nearest","false","50","featselp",0,"Pixels"
"1002","svc",0.15413,200,"10","nearest","false","50","featselp",0.95,"Pixels"
"1003","qdc",0.12875,200,"10","nearest","false","50","featselp",0.95,"Pixels"
"1004","parzen",0.14175,200,"10","nearest","false","50","featselp",0.95,"Pixels"
"1005","bpxnc",0.21275,200,"10","nearest","false","50","featselp",0.95,"Pixels"
"1006","loglc",0.15225,200,"10","nearest","false","50","featselp",0.95,"Pixels"
"1007","knnc",0.14713,200,"10","nearest","false","50","featselp",0.95,"Pixels"
"1008","treec",NA,200,"10","nearest","false","50","featselp",0.95,"Pixels"
"1009","svc",0.16175,200,"10","nearest","false","50","featselp",0.8,"Pixels"
"1010","qdc",0.11,200,"10","nearest","false","50","featselp",0.8,"Pixels"
"1011","parzen",0.12987,200,"10","nearest","false","50","featselp",0.8,"Pixels"
"1012","bpxnc",0.2035,200,"10","nearest","false","50","featselp",0.8,"Pixels"
"1013","loglc",0.15613,200,"10","nearest","false","50","featselp",0.8,"Pixels"
"1014","knnc",0.1395,200,"10","nearest","false","50","featselp",0.8,"Pixels"
"1015","treec",NA,200,"10","nearest","false","50","featselp",0.8,"Pixels"
"1016","svc",0.197,200,"10","nearest","false","0","none",0,"Pixels"
"1017","qdc",0.74362,200,"10","nearest","false","0","none",0,"Pixels"
"1018","parzen",0.12762,200,"10","nearest","false","0","none",0,"Pixels"
"1019","bpxnc",0.1965,200,"10","nearest","false","0","none",0,"Pixels"
"1020","loglc",0.21463,200,"10","nearest","false","0","none",0,"Pixels"
"1021","knnc",0.14263,200,"10","nearest","false","0","none",0,"Pixels"
"1022","treec",NA,200,"10","nearest","false","0","none",0,"Pixels"
"1023","svc",0.771,200,"10","nearest","true","5","featselp",0,"Pixels"
"1024","qdc",0.9,200,"10","nearest","true","5","featselp",0,"Pixels"
"1025","parzen",0.54212,200,"10","nearest","true","5","featselp",0,"Pixels"
"1026","bpxnc",0.65963,200,"10","nearest","true","5","featselp",0,"Pixels"
"1027","loglc",0.54463,200,"10","nearest","true","5","featselp",0,"Pixels"
"1028","knnc",0.61438,200,"10","nearest","true","5","featselp",0,"Pixels"
"1029","treec",NA,200,"10","nearest","true","5","featselp",0,"Pixels"
"1030","svc",0.77912,200,"10","nearest","true","5","featselp",0.95,"Pixels"
"1031","qdc",0.61275,200,"10","nearest","true","5","featselp",0.95,"Pixels"
"1032","parzen",0.54238,200,"10","nearest","true","5","featselp",0.95,"Pixels"
"1033","bpxnc",0.54612,200,"10","nearest","true","5","featselp",0.95,"Pixels"
"1034","loglc",0.54463,200,"10","nearest","true","5","featselp",0.95,"Pixels"
"1035","knnc",0.574,200,"10","nearest","true","5","featselp",0.95,"Pixels"
"1036","treec",NA,200,"10","nearest","true","5","featselp",0.95,"Pixels"
"1037","svc",0.662,200,"10","nearest","true","5","featselp",0.8,"Pixels"
"1038","qdc",0.615,200,"10","nearest","true","5","featselp",0.8,"Pixels"
"1039","parzen",0.54225,200,"10","nearest","true","5","featselp",0.8,"Pixels"
"1040","bpxnc",0.568,200,"10","nearest","true","5","featselp",0.8,"Pixels"
"1041","loglc",0.56937,200,"10","nearest","true","5","featselp",0.8,"Pixels"
"1042","knnc",0.57625,200,"10","nearest","true","5","featselp",0.8,"Pixels"
"1043","treec",NA,200,"10","nearest","true","5","featselp",0.8,"Pixels"
"1044","svc",0.29875,200,"10","nearest","true","20","featselp",0,"Pixels"
"1045","qdc",0.67312,200,"10","nearest","true","20","featselp",0,"Pixels"
"1046","parzen",0.24675,200,"10","nearest","true","20","featselp",0,"Pixels"
"1047","bpxnc",0.27125,200,"10","nearest","true","20","featselp",0,"Pixels"
"1048","loglc",0.24438,200,"10","nearest","true","20","featselp",0,"Pixels"
"1049","knnc",0.29838,200,"10","nearest","true","20","featselp",0,"Pixels"
"1050","treec",NA,200,"10","nearest","true","20","featselp",0,"Pixels"
"1051","svc",0.25088,200,"10","nearest","true","20","featselp",0.95,"Pixels"
"1052","qdc",0.32788,200,"10","nearest","true","20","featselp",0.95,"Pixels"
"1053","parzen",0.246,200,"10","nearest","true","20","featselp",0.95,"Pixels"
"1054","bpxnc",0.28787,200,"10","nearest","true","20","featselp",0.95,"Pixels"
"1055","loglc",0.247,200,"10","nearest","true","20","featselp",0.95,"Pixels"
"1056","knnc",0.25538,200,"10","nearest","true","20","featselp",0.95,"Pixels"
"1057","treec",NA,200,"10","nearest","true","20","featselp",0.95,"Pixels"
"1058","svc",0.273,200,"10","nearest","true","20","featselp",0.8,"Pixels"
"1059","qdc",0.226,200,"10","nearest","true","20","featselp",0.8,"Pixels"
"1060","parzen",0.25025,200,"10","nearest","true","20","featselp",0.8,"Pixels"
"1061","bpxnc",0.29925,200,"10","nearest","true","20","featselp",0.8,"Pixels"
"1062","loglc",0.26975,200,"10","nearest","true","20","featselp",0.8,"Pixels"
"1063","knnc",0.2575,200,"10","nearest","true","20","featselp",0.8,"Pixels"
"1064","treec",NA,200,"10","nearest","true","20","featselp",0.8,"Pixels"
"1065","svc",0.21525,200,"10","nearest","true","50","featselp",0,"Pixels"
"1066","qdc",0.51262,200,"10","nearest","true","50","featselp",0,"Pixels"
"1067","parzen",0.14213,200,"10","nearest","true","50","featselp",0,"Pixels"
"1068","bpxnc",0.18925,200,"10","nearest","true","50","featselp",0,"Pixels"
"1069","loglc",0.15538,200,"10","nearest","true","50","featselp",0,"Pixels"
"1070","knnc",0.1645,200,"10","nearest","true","50","featselp",0,"Pixels"
"1071","treec",NA,200,"10","nearest","true","50","featselp",0,"Pixels"
"1072","svc",0.15413,200,"10","nearest","true","50","featselp",0.95,"Pixels"
"1073","qdc",0.12875,200,"10","nearest","true","50","featselp",0.95,"Pixels"
"1074","parzen",0.14175,200,"10","nearest","true","50","featselp",0.95,"Pixels"
"1075","bpxnc",0.20563,200,"10","nearest","true","50","featselp",0.95,"Pixels"
"1076","loglc",0.15225,200,"10","nearest","true","50","featselp",0.95,"Pixels"
"1077","knnc",0.14713,200,"10","nearest","true","50","featselp",0.95,"Pixels"
"1078","treec",NA,200,"10","nearest","true","50","featselp",0.95,"Pixels"
"1079","svc",0.16175,200,"10","nearest","true","50","featselp",0.8,"Pixels"
"1080","qdc",0.11,200,"10","nearest","true","50","featselp",0.8,"Pixels"
"1081","parzen",0.12987,200,"10","nearest","true","50","featselp",0.8,"Pixels"
"1082","bpxnc",0.2035,200,"10","nearest","true","50","featselp",0.8,"Pixels"
"1083","loglc",0.15613,200,"10","nearest","true","50","featselp",0.8,"Pixels"
"1084","knnc",0.1395,200,"10","nearest","true","50","featselp",0.8,"Pixels"
"1085","treec",NA,200,"10","nearest","true","50","featselp",0.8,"Pixels"
"1086","svc",0.197,200,"10","nearest","true","0","none",0,"Pixels"
"1087","qdc",0.74362,200,"10","nearest","true","0","none",0,"Pixels"
"1088","parzen",0.12762,200,"10","nearest","true","0","none",0,"Pixels"
"1089","bpxnc",0.1965,200,"10","nearest","true","0","none",0,"Pixels"
"1090","loglc",0.21463,200,"10","nearest","true","0","none",0,"Pixels"
"1091","knnc",0.14263,200,"10","nearest","true","0","none",0,"Pixels"
"1092","treec",NA,200,"10","nearest","true","0","none",0,"Pixels"
"1093","svc",0.14663,200,"16","bicubic","false","0","0",0,"Pixels"
"1094","qdc",0.76487,200,"16","bicubic","false","0","0",0,"Pixels"
"1095","parzen",0.070125,200,"16","bicubic","false","0","0",0,"Pixels"
"1096","bpxnc",0.88938,200,"16","bicubic","false","0","0",0,"Pixels"
"1097","loglc",0.19687,200,"16","bicubic","false","0","0",0,"Pixels"
"1098","knnc",0.0745,200,"16","bicubic","false","0","0",0,"Pixels"
"1099","treec",NA,200,"16","bicubic","false","0","0",0,"Pixels"
"1100","svc",0.10913,200,"16","bicubic","false","0","0",0.95,"Pixels"
"1101","qdc",0.1115,200,"16","bicubic","false","0","0",0.95,"Pixels"
"1102","parzen",0.083125,200,"16","bicubic","false","0","0",0.95,"Pixels"
"1103","bpxnc",0.24575,200,"16","bicubic","false","0","0",0.95,"Pixels"
"1104","loglc",0.1765,200,"16","bicubic","false","0","0",0.95,"Pixels"
"1105","knnc",0.082375,200,"16","bicubic","false","0","0",0.95,"Pixels"
"1106","treec",NA,200,"16","bicubic","false","0","0",0.95,"Pixels"
"1107","svc",0.10337,200,"16","bicubic","false","0","0",0.8,"Pixels"
"1108","qdc",0.067625,200,"16","bicubic","false","0","0",0.8,"Pixels"
"1109","parzen",0.073375,200,"16","bicubic","false","0","0",0.8,"Pixels"
"1110","bpxnc",0.2405,200,"16","bicubic","false","0","0",0.8,"Pixels"
"1111","loglc",0.18088,200,"16","bicubic","false","0","0",0.8,"Pixels"
"1112","knnc",0.073,200,"16","bicubic","false","0","0",0.8,"Pixels"
"1113","treec",NA,200,"16","bicubic","false","0","0",0.8,"Pixels"
"1114","svc",0.19312,200,"16","bicubic","true","0","0",0,"Pixels"
"1115","qdc",0.86375,200,"16","bicubic","true","0","0",0,"Pixels"
"1116","parzen",0.096125,200,"16","bicubic","true","0","0",0,"Pixels"
"1117","bpxnc",0.18825,200,"16","bicubic","true","0","0",0,"Pixels"
"1118","loglc",0.21413,200,"16","bicubic","true","0","0",0,"Pixels"
"1119","knnc",0.10013,200,"16","bicubic","true","0","0",0,"Pixels"
"1120","treec",NA,200,"16","bicubic","true","0","0",0,"Pixels"
"1121","svc",0.129,200,"16","bicubic","true","0","0",0.95,"Pixels"
"1122","qdc",0.356,200,"16","bicubic","true","0","0",0.95,"Pixels"
"1123","parzen",0.11563,200,"16","bicubic","true","0","0",0.95,"Pixels"
"1124","bpxnc",0.72075,200,"16","bicubic","true","0","0",0.95,"Pixels"
"1125","loglc",0.45975,200,"16","bicubic","true","0","0",0.95,"Pixels"
"1126","knnc",0.11275,200,"16","bicubic","true","0","0",0.95,"Pixels"
"1127","treec",NA,200,"16","bicubic","true","0","0",0.95,"Pixels"
"1128","svc",0.11513,200,"16","bicubic","true","0","0",0.8,"Pixels"
"1129","qdc",0.09375,200,"16","bicubic","true","0","0",0.8,"Pixels"
"1130","parzen",0.092875,200,"16","bicubic","true","0","0",0.8,"Pixels"
"1131","bpxnc",0.21075,200,"16","bicubic","true","0","0",0.8,"Pixels"
"1132","loglc",0.13938,200,"16","bicubic","true","0","0",0.8,"Pixels"
"1133","knnc",0.095125,200,"16","bicubic","true","0","0",0.8,"Pixels"
"1134","treec",NA,200,"16","bicubic","true","0","0",0.8,"Pixels"
"1135","svc",0.14225,200,"16","bilinear","false","0","0",0,"Pixels"
"1136","qdc",0.71875,200,"16","bilinear","false","0","0",0,"Pixels"
"1137","parzen",0.05725,200,"16","bilinear","false","0","0",0,"Pixels"
"1138","bpxnc",0.13625,200,"16","bilinear","false","0","0",0,"Pixels"
"1139","loglc",0.19125,200,"16","bilinear","false","0","0",0,"Pixels"
"1140","knnc",0.057125,200,"16","bilinear","false","0","0",0,"Pixels"
"1141","treec",NA,200,"16","bilinear","false","0","0",0,"Pixels"
"1142","svc",0.1095,200,"16","bilinear","false","0","0",0.95,"Pixels"
"1143","qdc",0.101,200,"16","bilinear","false","0","0",0.95,"Pixels"
"1144","parzen",0.069,200,"16","bilinear","false","0","0",0.95,"Pixels"
"1145","bpxnc",0.20213,200,"16","bilinear","false","0","0",0.95,"Pixels"
"1146","loglc",0.63638,200,"16","bilinear","false","0","0",0.95,"Pixels"
"1147","knnc",0.070375,200,"16","bilinear","false","0","0",0.95,"Pixels"
"1148","treec",NA,200,"16","bilinear","false","0","0",0.95,"Pixels"
"1149","svc",0.10337,200,"16","bilinear","false","0","0",0.8,"Pixels"
"1150","qdc",0.068875,200,"16","bilinear","false","0","0",0.8,"Pixels"
"1151","parzen",0.0635,200,"16","bilinear","false","0","0",0.8,"Pixels"
"1152","bpxnc",0.23388,200,"16","bilinear","false","0","0",0.8,"Pixels"
"1153","loglc",0.10312,200,"16","bilinear","false","0","0",0.8,"Pixels"
"1154","knnc",0.065625,200,"16","bilinear","false","0","0",0.8,"Pixels"
"1155","treec",NA,200,"16","bilinear","false","0","0",0.8,"Pixels"
"1156","svc",0.188,200,"16","bilinear","true","0","0",0,"Pixels"
"1157","qdc",0.7985,200,"16","bilinear","true","0","0",0,"Pixels"
"1158","parzen",0.090375,200,"16","bilinear","true","0","0",0,"Pixels"
"1159","bpxnc",0.16587,200,"16","bilinear","true","0","0",0,"Pixels"
"1160","loglc",0.22475,200,"16","bilinear","true","0","0",0,"Pixels"
"1161","knnc",0.096,200,"16","bilinear","true","0","0",0,"Pixels"
"1162","treec",NA,200,"16","bilinear","true","0","0",0,"Pixels"
"1163","svc",0.14525,200,"16","bilinear","true","0","0",0.95,"Pixels"
"1164","qdc",0.37188,200,"16","bilinear","true","0","0",0.95,"Pixels"
"1165","parzen",0.11825,200,"16","bilinear","true","0","0",0.95,"Pixels"
"1166","bpxnc",0.75262,200,"16","bilinear","true","0","0",0.95,"Pixels"
"1167","loglc",0.2025,200,"16","bilinear","true","0","0",0.95,"Pixels"
"1168","knnc",0.113,200,"16","bilinear","true","0","0",0.95,"Pixels"
"1169","treec",NA,200,"16","bilinear","true","0","0",0.95,"Pixels"
"1170","svc",0.11625,200,"16","bilinear","true","0","0",0.8,"Pixels"
"1171","qdc",0.096125,200,"16","bilinear","true","0","0",0.8,"Pixels"
"1172","parzen",0.089375,200,"16","bilinear","true","0","0",0.8,"Pixels"
"1173","bpxnc",0.84175,200,"16","bilinear","true","0","0",0.8,"Pixels"
"1174","loglc",0.55637,200,"16","bilinear","true","0","0",0.8,"Pixels"
"1175","knnc",0.08775,200,"16","bilinear","true","0","0",0.8,"Pixels"
"1176","treec",NA,200,"16","bilinear","true","0","0",0.8,"Pixels"
"1177","svc",0.73625,200,"16","box","false","5","featselp",0,"Pixels"
"1178","qdc",0.63225,200,"16","box","false","5","featselp",0,"Pixels"
"1179","parzen",0.51413,200,"16","box","false","5","featselp",0,"Pixels"
"1180","bpxnc",0.51687,200,"16","box","false","5","featselp",0,"Pixels"
"1181","loglc",0.50262,200,"16","box","false","5","featselp",0,"Pixels"
"1182","knnc",0.51187,200,"16","box","false","5","featselp",0,"Pixels"
"1183","treec",NA,200,"16","box","false","5","featselp",0,"Pixels"
"1184","svc",0.611,200,"16","box","false","5","featselp",0.95,"Pixels"
"1185","qdc",0.63613,200,"16","box","false","5","featselp",0.95,"Pixels"
"1186","parzen",0.51287,200,"16","box","false","5","featselp",0.95,"Pixels"
"1187","bpxnc",0.532,200,"16","box","false","5","featselp",0.95,"Pixels"
"1188","loglc",0.50262,200,"16","box","false","5","featselp",0.95,"Pixels"
"1189","knnc",0.51325,200,"16","box","false","5","featselp",0.95,"Pixels"
"1190","treec",NA,200,"16","box","false","5","featselp",0.95,"Pixels"
"1191","svc",0.6375,200,"16","box","false","5","featselp",0.8,"Pixels"
"1192","qdc",0.53712,200,"16","box","false","5","featselp",0.8,"Pixels"
"1193","parzen",0.51487,200,"16","box","false","5","featselp",0.8,"Pixels"
"1194","bpxnc",0.50775,200,"16","box","false","5","featselp",0.8,"Pixels"
"1195","loglc",0.5355,200,"16","box","false","5","featselp",0.8,"Pixels"
"1196","knnc",0.51887,200,"16","box","false","5","featselp",0.8,"Pixels"
"1197","treec",NA,200,"16","box","false","5","featselp",0.8,"Pixels"
"1198","svc",0.26737,200,"16","box","false","20","featselp",0,"Pixels"
"1199","qdc",0.20575,200,"16","box","false","20","featselp",0,"Pixels"
"1200","parzen",0.17112,200,"16","box","false","20","featselp",0,"Pixels"
"1201","bpxnc",0.36638,200,"16","box","false","20","featselp",0,"Pixels"
"1202","loglc",0.17788,200,"16","box","false","20","featselp",0,"Pixels"
"1203","knnc",0.171,200,"16","box","false","20","featselp",0,"Pixels"
"1204","treec",NA,200,"16","box","false","20","featselp",0,"Pixels"
"1205","svc",0.188,200,"16","box","false","20","featselp",0.95,"Pixels"
"1206","qdc",0.15925,200,"16","box","false","20","featselp",0.95,"Pixels"
"1207","parzen",0.179,200,"16","box","false","20","featselp",0.95,"Pixels"
"1208","bpxnc",0.31125,200,"16","box","false","20","featselp",0.95,"Pixels"
"1209","loglc",0.18625,200,"16","box","false","20","featselp",0.95,"Pixels"
"1210","knnc",0.17062,200,"16","box","false","20","featselp",0.95,"Pixels"
"1211","treec",NA,200,"16","box","false","20","featselp",0.95,"Pixels"
"1212","svc",0.22075,200,"16","box","false","20","featselp",0.8,"Pixels"
"1213","qdc",0.1695,200,"16","box","false","20","featselp",0.8,"Pixels"
"1214","parzen",0.17763,200,"16","box","false","20","featselp",0.8,"Pixels"
"1215","bpxnc",0.34463,200,"16","box","false","20","featselp",0.8,"Pixels"
"1216","loglc",0.21438,200,"16","box","false","20","featselp",0.8,"Pixels"
"1217","knnc",0.178,200,"16","box","false","20","featselp",0.8,"Pixels"
"1218","treec",NA,200,"16","box","false","20","featselp",0.8,"Pixels"
"1219","svc",0.1635,200,"16","box","false","50","featselp",0,"Pixels"
"1220","qdc",0.11275,200,"16","box","false","50","featselp",0,"Pixels"
"1221","parzen",0.084875,200,"16","box","false","50","featselp",0,"Pixels"
"1222","bpxnc",0.13887,200,"16","box","false","50","featselp",0,"Pixels"
"1223","loglc",0.117,200,"16","box","false","50","featselp",0,"Pixels"
"1224","knnc",0.096875,200,"16","box","false","50","featselp",0,"Pixels"
"1225","treec",NA,200,"16","box","false","50","featselp",0,"Pixels"
"1226","svc",0.11275,200,"16","box","false","50","featselp",0.95,"Pixels"
"1227","qdc",0.079875,200,"16","box","false","50","featselp",0.95,"Pixels"
"1228","parzen",0.09,200,"16","box","false","50","featselp",0.95,"Pixels"
"1229","bpxnc",0.38462,200,"16","box","false","50","featselp",0.95,"Pixels"
"1230","loglc",0.10975,200,"16","box","false","50","featselp",0.95,"Pixels"
"1231","knnc",0.095375,200,"16","box","false","50","featselp",0.95,"Pixels"
"1232","treec",NA,200,"16","box","false","50","featselp",0.95,"Pixels"
"1233","svc",0.12487,200,"16","box","false","50","featselp",0.8,"Pixels"
"1234","qdc",0.07925,200,"16","box","false","50","featselp",0.8,"Pixels"
"1235","parzen",0.091125,200,"16","box","false","50","featselp",0.8,"Pixels"
"1236","bpxnc",0.197,200,"16","box","false","50","featselp",0.8,"Pixels"
"1237","loglc",0.12362,200,"16","box","false","50","featselp",0.8,"Pixels"
"1238","knnc",0.094375,200,"16","box","false","50","featselp",0.8,"Pixels"
"1239","treec",NA,200,"16","box","false","50","featselp",0.8,"Pixels"
"1240","svc",0.1495,200,"16","box","false","0","none",0,"Pixels"
"1241","qdc",0.78812,200,"16","box","false","0","none",0,"Pixels"
"1242","parzen",0.060875,200,"16","box","false","0","none",0,"Pixels"
"1243","bpxnc",0.15338,200,"16","box","false","0","none",0,"Pixels"
"1244","loglc",0.20112,200,"16","box","false","0","none",0,"Pixels"
"1245","knnc",0.061375,200,"16","box","false","0","none",0,"Pixels"
"1246","treec",NA,200,"16","box","false","0","none",0,"Pixels"
"1247","svc",0.75187,200,"16","nearest","false","5","featselp",0,"Pixels"
"1248","qdc",0.77612,200,"16","nearest","false","5","featselp",0,"Pixels"
"1249","parzen",0.5615,200,"16","nearest","false","5","featselp",0,"Pixels"
"1250","bpxnc",0.6395,200,"16","nearest","false","5","featselp",0,"Pixels"
"1251","loglc",0.56288,200,"16","nearest","false","5","featselp",0,"Pixels"
"1252","knnc",0.61462,200,"16","nearest","false","5","featselp",0,"Pixels"
"1253","treec",NA,200,"16","nearest","false","5","featselp",0,"Pixels"
"1254","svc",0.69388,200,"16","nearest","false","5","featselp",0.95,"Pixels"
"1255","qdc",0.84225,200,"16","nearest","false","5","featselp",0.95,"Pixels"
"1256","parzen",0.56125,200,"16","nearest","false","5","featselp",0.95,"Pixels"
"1257","bpxnc",0.58313,200,"16","nearest","false","5","featselp",0.95,"Pixels"
"1258","loglc",0.56288,200,"16","nearest","false","5","featselp",0.95,"Pixels"
"1259","knnc",0.58575,200,"16","nearest","false","5","featselp",0.95,"Pixels"
"1260","treec",NA,200,"16","nearest","false","5","featselp",0.95,"Pixels"
"1261","svc",0.677,200,"16","nearest","false","5","featselp",0.8,"Pixels"
"1262","qdc",0.60675,200,"16","nearest","false","5","featselp",0.8,"Pixels"
"1263","parzen",0.56537,200,"16","nearest","false","5","featselp",0.8,"Pixels"
"1264","bpxnc",0.56337,200,"16","nearest","false","5","featselp",0.8,"Pixels"
"1265","loglc",0.57888,200,"16","nearest","false","5","featselp",0.8,"Pixels"
"1266","knnc",0.61487,200,"16","nearest","false","5","featselp",0.8,"Pixels"
"1267","treec",NA,200,"16","nearest","false","5","featselp",0.8,"Pixels"
"1268","svc",0.32162,200,"16","nearest","false","20","featselp",0,"Pixels"
"1269","qdc",0.7575,200,"16","nearest","false","20","featselp",0,"Pixels"
"1270","parzen",0.23675,200,"16","nearest","false","20","featselp",0,"Pixels"
"1271","bpxnc",0.35513,200,"16","nearest","false","20","featselp",0,"Pixels"
"1272","loglc",0.24813,200,"16","nearest","false","20","featselp",0,"Pixels"
"1273","knnc",0.29337,200,"16","nearest","false","20","featselp",0,"Pixels"
"1274","treec",NA,200,"16","nearest","false","20","featselp",0,"Pixels"
"1275","svc",0.25738,200,"16","nearest","false","20","featselp",0.95,"Pixels"
"1276","qdc",0.29675,200,"16","nearest","false","20","featselp",0.95,"Pixels"
"1277","parzen",0.23663,200,"16","nearest","false","20","featselp",0.95,"Pixels"
"1278","bpxnc",0.32225,200,"16","nearest","false","20","featselp",0.95,"Pixels"
"1279","loglc",0.25038,200,"16","nearest","false","20","featselp",0.95,"Pixels"
"1280","knnc",0.24488,200,"16","nearest","false","20","featselp",0.95,"Pixels"
"1281","treec",NA,200,"16","nearest","false","20","featselp",0.95,"Pixels"
"1282","svc",0.27325,200,"16","nearest","false","20","featselp",0.8,"Pixels"
"1283","qdc",0.21763,200,"16","nearest","false","20","featselp",0.8,"Pixels"
"1284","parzen",0.23913,200,"16","nearest","false","20","featselp",0.8,"Pixels"
"1285","bpxnc",0.25925,200,"16","nearest","false","20","featselp",0.8,"Pixels"
"1286","loglc",0.26288,200,"16","nearest","false","20","featselp",0.8,"Pixels"
"1287","knnc",0.24263,200,"16","nearest","false","20","featselp",0.8,"Pixels"
"1288","treec",NA,200,"16","nearest","false","20","featselp",0.8,"Pixels"
"1289","svc",0.22675,200,"16","nearest","false","50","featselp",0,"Pixels"
"1290","qdc",0.44212,200,"16","nearest","false","50","featselp",0,"Pixels"
"1291","parzen",0.15388,200,"16","nearest","false","50","featselp",0,"Pixels"
"1292","bpxnc",0.19375,200,"16","nearest","false","50","featselp",0,"Pixels"
"1293","loglc",0.15375,200,"16","nearest","false","50","featselp",0,"Pixels"
"1294","knnc",0.17638,200,"16","nearest","false","50","featselp",0,"Pixels"
"1295","treec",NA,200,"16","nearest","false","50","featselp",0,"Pixels"
"1296","svc",0.14913,200,"16","nearest","false","50","featselp",0.95,"Pixels"
"1297","qdc",0.14413,200,"16","nearest","false","50","featselp",0.95,"Pixels"
"1298","parzen",0.154,200,"16","nearest","false","50","featselp",0.95,"Pixels"
"1299","bpxnc",0.28363,200,"16","nearest","false","50","featselp",0.95,"Pixels"
"1300","loglc",0.14838,200,"16","nearest","false","50","featselp",0.95,"Pixels"
"1301","knnc",0.1565,200,"16","nearest","false","50","featselp",0.95,"Pixels"
"1302","treec",NA,200,"16","nearest","false","50","featselp",0.95,"Pixels"
"1303","svc",0.164,200,"16","nearest","false","50","featselp",0.8,"Pixels"
"1304","qdc",0.12675,200,"16","nearest","false","50","featselp",0.8,"Pixels"
"1305","parzen",0.14338,200,"16","nearest","false","50","featselp",0.8,"Pixels"
"1306","bpxnc",0.228,200,"16","nearest","false","50","featselp",0.8,"Pixels"
"1307","loglc",0.15987,200,"16","nearest","false","50","featselp",0.8,"Pixels"
"1308","knnc",0.1495,200,"16","nearest","false","50","featselp",0.8,"Pixels"
"1309","treec",NA,200,"16","nearest","false","50","featselp",0.8,"Pixels"
"1310","svc",0.19225,200,"16","nearest","false","0","none",0,"Pixels"
"1311","qdc",0.84925,200,"16","nearest","false","0","none",0,"Pixels"
"1312","parzen",0.09725,200,"16","nearest","false","0","none",0,"Pixels"
"1313","bpxnc",0.26713,200,"16","nearest","false","0","none",0,"Pixels"
"1314","loglc",0.20988,200,"16","nearest","false","0","none",0,"Pixels"
"1315","knnc",0.10113,200,"16","nearest","false","0","none",0,"Pixels"
"1316","treec",NA,200,"16","nearest","false","0","none",0,"Pixels"
"1317","svc",0.72488,200,"16","nearest","true","5","featselp",0,"Pixels"
"1318","qdc",0.9,200,"16","nearest","true","5","featselp",0,"Pixels"
"1319","parzen",0.56388,200,"16","nearest","true","5","featselp",0,"Pixels"
"1320","bpxnc",0.5645,200,"16","nearest","true","5","featselp",0,"Pixels"
"1321","loglc",0.56625,200,"16","nearest","true","5","featselp",0,"Pixels"
"1322","knnc",0.59462,200,"16","nearest","true","5","featselp",0,"Pixels"
"1323","treec",NA,200,"16","nearest","true","5","featselp",0,"Pixels"
"1324","svc",0.742,200,"16","nearest","true","5","featselp",0.95,"Pixels"
"1325","qdc",0.9,200,"16","nearest","true","5","featselp",0.95,"Pixels"
"1326","parzen",0.56437,200,"16","nearest","true","5","featselp",0.95,"Pixels"
"1327","bpxnc",0.58488,200,"16","nearest","true","5","featselp",0.95,"Pixels"
"1328","loglc",0.56625,200,"16","nearest","true","5","featselp",0.95,"Pixels"
"1329","knnc",0.58225,200,"16","nearest","true","5","featselp",0.95,"Pixels"
"1330","treec",NA,200,"16","nearest","true","5","featselp",0.95,"Pixels"
"1331","svc",0.72188,200,"16","nearest","true","5","featselp",0.8,"Pixels"
"1332","qdc",0.84888,200,"16","nearest","true","5","featselp",0.8,"Pixels"
"1333","parzen",0.56437,200,"16","nearest","true","5","featselp",0.8,"Pixels"
"1334","bpxnc",0.66463,200,"16","nearest","true","5","featselp",0.8,"Pixels"
"1335","loglc",0.58913,200,"16","nearest","true","5","featselp",0.8,"Pixels"
"1336","knnc",0.581,200,"16","nearest","true","5","featselp",0.8,"Pixels"
"1337","treec",NA,200,"16","nearest","true","5","featselp",0.8,"Pixels"
"1338","svc",0.32462,200,"16","nearest","true","20","featselp",0,"Pixels"
"1339","qdc",0.46287,200,"16","nearest","true","20","featselp",0,"Pixels"
"1340","parzen",0.24288,200,"16","nearest","true","20","featselp",0,"Pixels"
"1341","bpxnc",0.27737,200,"16","nearest","true","20","featselp",0,"Pixels"
"1342","loglc",0.24563,200,"16","nearest","true","20","featselp",0,"Pixels"
"1343","knnc",0.29738,200,"16","nearest","true","20","featselp",0,"Pixels"
"1344","treec",NA,200,"16","nearest","true","20","featselp",0,"Pixels"
"1345","svc",0.26025,200,"16","nearest","true","20","featselp",0.95,"Pixels"
"1346","qdc",0.26012,200,"16","nearest","true","20","featselp",0.95,"Pixels"
"1347","parzen",0.23963,200,"16","nearest","true","20","featselp",0.95,"Pixels"
"1348","bpxnc",0.415,200,"16","nearest","true","20","featselp",0.95,"Pixels"
"1349","loglc",0.24913,200,"16","nearest","true","20","featselp",0.95,"Pixels"
"1350","knnc",0.24488,200,"16","nearest","true","20","featselp",0.95,"Pixels"
"1351","treec",NA,200,"16","nearest","true","20","featselp",0.95,"Pixels"
"1352","svc",0.27213,200,"16","nearest","true","20","featselp",0.8,"Pixels"
"1353","qdc",0.222,200,"16","nearest","true","20","featselp",0.8,"Pixels"
"1354","parzen",0.246,200,"16","nearest","true","20","featselp",0.8,"Pixels"
"1355","bpxnc",0.2765,200,"16","nearest","true","20","featselp",0.8,"Pixels"
"1356","loglc",0.26125,200,"16","nearest","true","20","featselp",0.8,"Pixels"
"1357","knnc",0.25525,200,"16","nearest","true","20","featselp",0.8,"Pixels"
"1358","treec",NA,200,"16","nearest","true","20","featselp",0.8,"Pixels"
"1359","svc",0.21713,200,"16","nearest","true","50","featselp",0,"Pixels"
"1360","qdc",0.43988,200,"16","nearest","true","50","featselp",0,"Pixels"
"1361","parzen",0.14813,200,"16","nearest","true","50","featselp",0,"Pixels"
"1362","bpxnc",0.414,200,"16","nearest","true","50","featselp",0,"Pixels"
"1363","loglc",0.148,200,"16","nearest","true","50","featselp",0,"Pixels"
"1364","knnc",0.16725,200,"16","nearest","true","50","featselp",0,"Pixels"
"1365","treec",NA,200,"16","nearest","true","50","featselp",0,"Pixels"
"1366","svc",0.14575,200,"16","nearest","true","50","featselp",0.95,"Pixels"
"1367","qdc",0.1565,200,"16","nearest","true","50","featselp",0.95,"Pixels"
"1368","parzen",0.145,200,"16","nearest","true","50","featselp",0.95,"Pixels"
"1369","bpxnc",0.21413,200,"16","nearest","true","50","featselp",0.95,"Pixels"
"1370","loglc",0.20863,200,"16","nearest","true","50","featselp",0.95,"Pixels"
"1371","knnc",0.15775,200,"16","nearest","true","50","featselp",0.95,"Pixels"
"1372","treec",NA,200,"16","nearest","true","50","featselp",0.95,"Pixels"
"1373","svc",0.15563,200,"16","nearest","true","50","featselp",0.8,"Pixels"
"1374","qdc",0.11188,200,"16","nearest","true","50","featselp",0.8,"Pixels"
"1375","parzen",0.13812,200,"16","nearest","true","50","featselp",0.8,"Pixels"
"1376","bpxnc",0.19912,200,"16","nearest","true","50","featselp",0.8,"Pixels"
"1377","loglc",0.151,200,"16","nearest","true","50","featselp",0.8,"Pixels"
"1378","knnc",0.14525,200,"16","nearest","true","50","featselp",0.8,"Pixels"
"1379","treec",NA,200,"16","nearest","true","50","featselp",0.8,"Pixels"
"1380","svc",0.20575,200,"16","nearest","true","0","none",0,"Pixels"
"1381","qdc",0.86687,200,"16","nearest","true","0","none",0,"Pixels"
"1382","parzen",0.094,200,"16","nearest","true","0","none",0,"Pixels"
"1383","bpxnc",0.17325,200,"16","nearest","true","0","none",0,"Pixels"
"1384","loglc",0.22787,200,"16","nearest","true","0","none",0,"Pixels"
"1385","knnc",0.09825,200,"16","nearest","true","0","none",0,"Pixels"
"1386","treec",NA,200,"16","nearest","true","0","none",0,"Pixels"
